nameLast,nameFirst,playerID,Age,year,reliability,mPA,mAB,mR,mH,m2B,m3B,mHR,mRBI,mSB,mCS,mBB,mSO,mIBB,mHBP,mSH,mSF,mGIDP
Bonds,Barry,bondsba01,42,2006,0.78,288,210,50,64,12,1,18,42,3,1,72,30,31,4,0,2,4
Pujols,Albert,pujolal01,26,2006,0.87,619,531,113,178,40,2,35,103,9,3,75,58,14,8,0,5,16
Helton,Todd,heltoto01,33,2006,0.87,581,481,91,156,39,2,22,78,3,1,90,70,15,5,1,4,13
Berkman,Lance,berkmla01,30,2006,0.86,551,456,79,134,31,3,21,77,6,3,85,80,10,6,1,3,12
Drew,J.D.,drewjd01,31,2006,0.81,420,353,67,101,18,3,18,53,5,2,60,69,2,4,1,2,6
Guerrero,Vladimir,guerrvl01,30,2006,0.86,565,500,89,158,29,2,28,95,12,3,53,60,17,7,0,5,17
Hafner,Travis,hafnetr01,29,2006,0.84,546,470,81,137,36,2,25,90,3,1,60,110,5,11,1,4,10
Ortiz,David,ortizda01,31,2006,0.87,623,542,92,157,39,2,35,118,2,0,73,111,7,2,0,6,12
Ramirez,Manny,ramirma02,34,2006,0.87,591,509,93,150,31,1,33,106,2,2,70,102,12,7,0,5,17
Rodriguez,Alex,rodrial01,31,2006,0.88,627,541,100,160,25,2,35,99,18,4,71,115,6,11,0,4,12
Bay,Jason,bayja01,28,2006,0.83,601,519,85,152,35,5,26,87,13,3,68,129,5,7,2,5,11
Cabrera,Miguel,cabremi01,23,2006,0.86,611,544,89,169,35,2,27,100,3,1,57,116,7,4,1,5,17
Delgado,Carlos,delgaca01,34,2006,0.86,563,476,76,134,31,2,28,98,1,1,67,110,14,13,0,7,12
Edmonds,Jim,edmonji01,36,2006,0.85,545,459,82,124,33,2,30,84,5,4,77,128,8,4,1,4,7
Lee,Derrek,leede02,31,2006,0.87,614,534,89,157,37,2,31,86,13,4,68,108,10,6,1,5,11
Teixeira,Mark,teixema01,26,2006,0.87,628,556,91,160,34,3,33,108,4,1,59,110,6,10,0,3,13
Wright,David,wrighda03,24,2006,0.79,557,494,82,151,34,2,23,82,13,4,52,88,2,6,1,4,13
Abreu,Bobby,abreubo01,32,2006,0.88,631,526,91,150,35,1,21,87,26,6,95,111,10,4,0,6,8
Aybar,Willy,aybarwi01,23,2006,0.3,252,218,31,65,15,1,6,29,5,2,29,35,1,3,1,1,4
Dunn,Adam,dunnad01,27,2006,0.86,604,503,91,127,29,1,34,85,6,2,91,149,10,8,0,2,7
Giambi,Jason,giambja01,35,2006,0.84,505,407,63,101,16,0,24,71,2,1,81,99,4,14,0,3,8
Jacobs,Mike,jacobmi02,26,2006,0.32,256,229,36,66,14,1,13,38,3,1,22,43,1,2,1,2,7
Mora,Melvin,morame01,34,2006,0.86,596,524,85,156,30,1,22,79,8,4,53,97,1,10,6,3,9
Rolen,Scott,rolensc01,31,2006,0.82,371,321,55,90,22,2,15,59,4,2,41,56,2,5,1,3,7
Sexson,Richie,sexsori01,32,2006,0.83,538,462,76,121,26,1,30,91,2,2,67,120,4,5,1,3,13
Sheffield,Gary,sheffga01,38,2006,0.87,606,524,94,150,27,1,28,102,9,3,69,71,5,7,0,6,13
Thomas,Frank,thomafr04,38,2006,0.76,293,247,40,62,14,0,16,43,1,1,40,55,2,4,0,2,5
Ensberg,Morgan,ensbemo01,31,2006,0.84,558,488,72,135,25,3,24,80,7,5,59,86,4,5,2,4,14
Francoeur,Jeff,francje02,22,2006,0.53,337,309,48,92,22,1,14,50,4,2,21,61,3,4,1,2,6
Giles,Brian,gilesbr02,35,2006,0.87,608,512,81,145,31,6,16,76,9,4,86,67,7,4,0,6,12
Giles,Marcus,gilesma01,28,2006,0.85,570,502,85,150,37,3,14,60,15,3,51,87,1,7,5,5,10
Glaus,Troy,glaustr01,30,2006,0.81,541,467,73,120,25,2,28,78,6,3,65,113,3,5,1,3,9
Gomes,Jonny,gomesjo01,26,2006,0.64,405,353,56,97,16,4,17,51,8,4,37,95,2,10,1,4,7
Griffey,Ken,griffke02,37,2006,0.8,512,450,72,122,27,1,27,76,2,1,52,92,4,4,1,5,10
Hermida,Jeremy,hermije01,22,2006,0.16,224,199,31,57,11,1,9,32,4,1,21,38,2,2,1,1,5
Holliday,Matt,hollima01,26,2006,0.79,507,459,68,137,28,5,17,73,9,3,37,82,1,7,1,3,11
Howard,Ryan,howarry01,27,2006,0.61,378,338,52,96,20,2,19,58,2,1,34,89,6,3,1,2,8
Johnson,Nick,johnsni01,28,2006,0.81,503,423,63,118,28,2,14,62,6,5,68,81,5,9,1,2,12
Jones,Chipper,jonesch06,34,2006,0.84,473,403,64,110,24,1,20,72,3,1,64,69,6,2,0,4,10
Murton,Matt,murtoma01,25,2006,0.4,280,247,35,74,11,2,10,30,4,2,26,41,4,2,2,3,6
Nixon,Trot,nixontr01,32,2006,0.79,452,397,62,112,24,3,16,64,3,1,47,69,3,3,1,4,7
Peralta,Jhonny,peraljh01,24,2006,0.76,488,433,64,123,27,3,17,60,2,3,46,100,2,4,2,3,10
Ramirez,Aramis,ramirar01,28,2006,0.85,514,467,70,138,28,1,25,83,1,2,37,64,4,5,0,5,17
Thome,Jim,thomeji01,36,2006,0.83,383,322,53,81,16,1,20,58,1,1,56,89,8,2,0,3,6
Tracy,Chad,tracych01,26,2006,0.8,530,479,61,143,31,3,17,62,4,2,40,70,3,5,1,5,10
Utley,Chase,utleych01,28,2006,0.8,543,480,72,134,30,4,21,87,11,2,49,87,3,8,1,5,10
Walker,Larry,walkela01,40,2006,0.8,415,353,62,96,20,3,15,54,5,2,52,71,5,8,0,2,9
Young,Michael,youngmi02,30,2006,0.88,640,591,94,184,31,6,18,76,8,2,42,84,1,2,1,4,14
Zimmerman,Ryan,zimmery01,22,2006,0.21,231,208,28,64,17,1,5,27,3,1,18,37,1,2,1,2,4
Alou,Moises,aloumo01,40,2006,0.85,512,456,68,129,25,2,20,68,4,1,49,59,2,3,0,4,12
Bagwell,Jeff,bagweje01,38,2006,0.82,329,285,45,74,14,1,13,42,4,2,39,59,2,3,0,2,8
Beltran,Carlos,beltrca01,29,2006,0.87,596,521,87,143,27,5,22,80,26,4,62,86,5,4,3,6,8
Blalock,Hank,blaloha01,26,2006,0.87,624,563,82,158,32,2,24,87,2,2,52,112,3,4,0,5,14
Bradley,Milton,bradlmi01,28,2006,0.82,417,365,55,104,21,1,13,48,10,5,44,72,3,4,2,2,9
Burrell,Pat,burrepa01,30,2006,0.86,588,505,66,129,25,2,24,85,2,0,76,134,5,3,0,4,13
Cantu,Jorge,cantujo01,24,2006,0.76,534,498,66,146,37,2,19,85,2,1,25,79,1,5,1,5,17
Casey,Sean,caseyse01,32,2006,0.86,557,505,72,152,29,1,14,68,3,0,43,49,3,5,0,4,19
Chavez,Eric,chaveer01,29,2006,0.87,605,535,83,146,31,2,24,84,6,2,63,101,6,2,0,5,14
Clark,Tony,clarkto02,34,2006,0.77,425,381,50,99,21,1,24,72,1,1,37,102,4,2,1,4,11
Duffy,Chris,duffych01,26,2006,0.36,268,242,37,73,11,2,6,27,4,2,20,42,1,3,2,1,4
Durazo,Erubiel,durazer01,32,2006,0.81,341,300,43,83,17,1,11,42,2,1,36,57,4,3,0,2,7
Floyd,Cliff,floydcl01,34,2006,0.84,559,490,70,131,26,2,24,79,10,2,55,98,7,9,1,4,9
Gonzalez,Luis,gonzalu01,39,2006,0.86,581,503,76,134,33,2,20,69,4,2,69,76,10,6,0,3,14
Guillen,Carlos,guillca01,31,2006,0.82,439,395,62,118,22,5,10,51,6,4,37,63,3,2,2,3,10
Guillen,Jose,guilljo01,30,2006,0.86,568,515,76,148,28,2,23,80,3,2,32,92,4,14,2,5,14
Jenkins,Geoff,jenkige01,32,2006,0.86,577,515,76,142,33,3,22,80,2,1,47,123,8,11,0,4,14
Jeter,Derek,jeterde01,32,2006,0.87,648,574,98,171,30,3,17,64,14,4,53,98,2,11,8,2,15
Jones,Andruw,jonesan01,29,2006,0.87,601,533,82,142,26,3,33,97,5,4,56,112,7,7,0,5,18
Kent,Jeff,kentje01,38,2006,0.86,579,517,83,144,33,3,23,90,6,2,50,88,4,6,0,6,18
Konerko,Paul,konerpa01,30,2006,0.86,596,525,76,141,22,0,30,89,1,0,62,91,7,5,0,4,18
Lee,Carlos,leeca01,30,2006,0.87,610,553,83,155,34,1,26,93,12,4,46,81,4,4,0,7,11
Lopez,Javy,lopezja01,36,2006,0.84,475,437,61,128,25,2,20,66,1,1,30,78,3,5,0,3,11
Martinez,Victor,martivi01,28,2006,0.83,570,504,68,147,31,1,18,80,2,1,54,72,7,5,1,6,16
Matsui,Hideki,matsuhi01,32,2006,0.87,620,551,87,160,35,2,20,93,3,1,60,82,4,3,0,6,15
Mauer,Joe,mauerjo01,23,2006,0.73,489,431,59,130,25,2,12,55,10,1,51,60,8,2,1,4,8
Mench,Kevin,menchke01,28,2006,0.82,556,502,69,138,32,3,22,69,3,2,43,69,3,6,1,4,7
Michaels,Jason,michaja01,30,2006,0.74,406,352,56,101,19,1,9,43,3,3,45,69,2,4,1,4,5
Mueller,Bill,muellbi02,35,2006,0.85,541,477,70,138,32,3,13,63,2,2,52,72,2,5,1,6,14
Ordonez,Magglio,ordonma01,32,2006,0.79,394,355,50,105,21,1,13,54,3,2,32,46,2,3,0,4,10
Overbay,Lyle,overbly01,29,2006,0.85,578,504,69,142,37,1,15,68,2,1,66,102,7,3,1,4,13
Piedra,Jorge,piedrjo01,27,2006,0.46,272,245,37,71,16,1,9,32,3,2,21,41,1,3,1,2,5
Posada,Jorge,posadjo01,35,2006,0.85,528,451,66,119,24,0,19,73,2,2,68,92,4,6,0,3,14
Rivera,Rene,riverre01,23,2006,0.18,225,203,26,61,12,1,6,27,3,1,17,37,1,2,2,1,4
Shealy,Ryan,shealry01,27,2006,0.3,252,224,32,65,14,1,6,33,3,1,24,44,1,2,1,1,8
Shelton,Chris,sheltch01,26,2006,0.66,421,375,57,108,21,2,15,53,2,1,37,79,1,4,1,4,11
Sizemore,Grady,sizemgr01,24,2006,0.78,569,511,83,147,29,7,17,70,15,6,45,101,1,7,3,3,11
Sweeney,Mike,sweenmi01,33,2006,0.83,502,452,61,129,29,1,19,79,4,2,41,61,6,4,1,4,13
Tejada,Miguel,tejadmi01,30,2006,0.88,624,569,83,168,38,2,24,97,6,1,41,70,6,7,0,7,19
Varitek,Jason,varitja01,34,2006,0.84,523,458,64,126,29,1,19,69,5,2,54,111,5,6,2,3,11
Wells,Vernon,wellsve01,28,2006,0.87,598,546,79,155,32,3,23,81,7,2,43,77,2,4,0,5,15
Wilkerson,Brad,wilkebr01,29,2006,0.87,599,510,79,131,35,4,18,60,10,7,78,131,5,5,3,3,6
Wilson,Craig,wilsocr03,30,2006,0.8,383,333,49,87,20,3,14,45,3,1,34,93,2,14,0,2,8
Beltre,Adrian,beltrad01,27,2006,0.87,591,542,70,152,31,1,25,86,4,2,40,90,5,4,1,4,13
Branyan,Russell,branyru01,31,2006,0.68,339,294,37,73,17,1,14,43,2,1,40,97,5,2,1,2,4
Brown,Emil,brownem01,32,2006,0.72,504,452,61,126,25,4,14,67,8,1,40,88,2,6,1,5,11
Bynum,Freddie,bynumfr01,26,2006,0.03,204,183,25,50,11,1,6,24,3,1,17,34,1,2,1,1,4
Cano,Robinson,canoro01,24,2006,0.7,476,443,67,132,28,3,13,56,3,3,22,62,2,3,5,3,12
Catalanotto,Frank,catalfr01,32,2006,0.81,465,418,57,121,28,4,8,52,2,2,33,58,1,7,3,4,10
Cedeno,Ronny,cedenro02,23,2006,0.27,244,218,33,63,11,1,6,26,3,1,19,35,2,3,3,1,7
Choi,Hee Seop,choihe01,27,2006,0.78,426,366,51,93,21,2,15,48,2,2,49,91,3,6,2,3,8
Cruz,Nelson,cruzne02,26,2006,0.03,204,181,26,49,11,1,6,23,3,1,19,31,1,2,1,1,4
Cust,Jack,custja01,27,2006,0.18,200,178,23,48,11,1,6,24,2,1,18,37,1,2,1,1,3
Damon,Johnny,damonjo01,33,2006,0.87,614,551,96,161,30,5,12,69,17,4,54,68,2,2,2,5,6
DeJesus,David,dejesda01,27,2006,0.78,503,443,66,128,25,5,10,53,7,7,41,71,1,9,6,4,7
Dellucci,David,delluda01,33,2006,0.8,498,430,76,105,19,4,20,62,9,3,58,109,2,6,1,3,8
Denorfia,Chris,denorch01,26,2006,0.15,222,197,30,54,12,1,6,24,4,1,21,36,1,2,1,1,5
Diaz,Victor,diazvi01,25,2006,0.6,362,324,48,88,19,3,13,45,6,2,32,78,5,3,1,2,12
Durham,Ray,durhara01,35,2006,0.84,534,472,71,131,30,4,13,55,7,4,49,69,2,5,3,5,11
Ellis,Mark,ellisma01,29,2006,0.78,443,396,61,112,21,4,10,44,3,2,37,59,2,4,4,2,8
Fielder,Prince,fieldpr01,22,2006,0.21,231,208,25,59,12,1,7,30,3,1,18,41,1,2,1,2,4
Fontenot,Mike,fontemi01,26,2006,0.02,202,179,28,48,10,1,6,23,3,1,18,31,1,3,1,1,4
Ford,Lew,fordle01,30,2006,0.83,561,494,71,138,28,4,11,58,13,4,48,75,2,12,2,5,11
Garciaparra,Nomar,garcino01,33,2006,0.8,359,327,50,95,19,3,11,45,5,2,22,37,1,5,1,4,8
Garko,Ryan,garkory01,25,2006,0,200,179,25,49,10,1,6,24,3,1,17,32,1,2,1,1,4
Granderson,Curtis,grandcu01,25,2006,0.45,290,263,33,72,13,3,10,33,3,2,22,57,1,2,2,1,5
Greenberg,Adam,greenad01,25,2006,0,200,178,25,49,10,1,6,24,3,1,17,31,1,3,1,1,4
Green,Shawn,greensh01,34,2006,0.87,595,529,75,143,32,2,19,69,6,3,56,95,4,5,0,5,16
Gutierrez,Franklin,gutiefr01,23,2006,0.01,201,179,27,50,10,1,6,24,3,1,18,31,1,2,1,1,4
Huff,Aubrey,huffau01,30,2006,0.87,585,529,71,149,28,2,22,84,5,3,45,74,9,5,0,6,12
Jacobsen,Bucky,jacobbu02,31,2006,0.37,218,197,24,53,11,1,8,28,2,1,17,43,1,2,1,1,4
Johnson,Dan,johnsda06,27,2006,0.64,417,364,52,101,20,1,14,54,2,1,44,55,2,2,1,6,10
Kearns,Austin,kearnau01,26,2006,0.78,449,392,57,100,22,2,17,65,3,1,47,98,2,6,1,3,10
Klesko,Ryan,kleskry01,35,2006,0.83,508,435,57,112,24,1,15,62,4,4,66,80,4,2,1,4,9
Kubel,Jason,kubelja01,24,2006,0.18,207,184,27,52,10,1,6,24,3,2,18,31,1,2,1,2,4
Lane,Jason,laneja01,30,2006,0.75,496,452,60,121,29,4,20,66,5,2,34,90,1,5,1,4,9
Langerhans,Ryan,langery01,26,2006,0.61,386,340,50,93,21,3,9,44,2,2,36,71,3,5,2,3,5
Lopez,Felipe,lopezfe01,26,2006,0.81,554,494,76,135,29,4,16,64,11,5,50,107,2,3,3,4,7
Lopez,Pedro,lopezpe01,22,2006,0.03,204,182,26,51,10,1,6,26,3,1,17,31,1,2,2,1,4
Loretta,Mark,loretma01,35,2006,0.86,502,445,63,133,24,2,9,50,5,3,42,44,3,6,3,6,11
Machado,Alejandro,machaal01,24,2006,0.02,203,181,28,50,11,1,6,24,3,1,18,31,1,2,1,1,4
Mathis,Jeff,mathije01,23,2006,0.01,202,181,26,50,10,1,6,24,3,1,17,32,1,2,1,1,4
Millar,Kevin,millake01,35,2006,0.85,518,456,61,124,28,1,14,61,2,1,48,82,1,8,0,6,13
Navarro,Dioner,navardi01,22,2006,0.46,300,266,37,76,15,1,7,30,2,1,28,38,2,3,2,1,6
Paulino,Ronny,pauliro01,25,2006,0.02,202,180,26,50,10,1,6,24,3,1,18,31,1,2,1,1,4
Pena,Wily Mo,penawi01,24,2006,0.75,404,370,50,97,17,1,21,60,5,2,27,109,1,5,1,1,8
Perez,Eduardo,perezed01,37,2006,0.62,299,263,37,68,13,1,11,39,3,2,30,52,1,4,1,1,8
Perez,Miguel,perezmi02,23,2006,0.01,202,181,25,50,10,1,6,24,3,1,17,32,1,2,1,1,4
Polanco,Placido,polanpl01,31,2006,0.85,531,480,75,144,25,2,12,55,7,3,33,40,1,9,5,4,13
Ramirez,Hanley,ramirha01,23,2006,0.01,201,180,25,50,10,1,6,24,3,1,17,32,1,2,1,1,4
Roberts,Brian,roberbr01,29,2006,0.86,593,524,81,150,37,4,10,55,23,8,56,77,3,2,7,4,6
Rodriguez,John,rodrijo03,28,2006,0.42,288,251,31,71,12,1,8,36,4,1,27,57,4,4,3,3,4
Rogers,Eddie,rogered01,28,2006,0,200,179,28,49,10,1,6,25,3,3,17,32,1,2,1,1,4
Rowand,Aaron,rowanaa01,29,2006,0.83,573,520,78,147,31,3,17,67,13,4,32,97,2,13,5,3,11
Sanders,Reggie,sandere02,39,2006,0.81,413,376,55,98,20,2,20,59,14,3,30,92,3,4,1,2,8
Short,Rick,shortri01,34,2006,0.07,208,186,27,51,11,1,7,25,3,1,17,32,1,3,1,1,4
Snelling,Chris,snellch02,25,2006,0.13,218,193,27,53,11,1,6,23,3,3,20,31,1,2,2,1,4
Snow,J.T.,snowjt01,38,2006,0.8,447,389,52,108,23,2,9,51,3,1,46,68,1,7,2,3,7
Soriano,Alfonso,soriaal01,30,2006,0.87,607,563,83,155,33,3,27,82,22,4,32,108,4,8,0,4,7
Soto,Geovany,sotoge01,23,2006,0,200,179,25,49,10,1,6,24,3,1,17,31,1,2,1,1,4
Spilborghs,Ryan,spilbry01,27,2006,0.02,202,181,25,50,10,1,6,24,3,1,17,32,1,2,1,1,4
Stairs,Matt,stairma01,38,2006,0.82,483,422,54,112,24,2,16,64,2,1,51,82,3,5,1,4,12
Suzuki,Ichiro,suzukic01,33,2006,0.88,646,597,89,189,22,7,11,56,27,7,40,63,13,4,2,3,5
Sweeney,Mark,sweenma01,37,2006,0.68,355,305,41,82,18,2,11,50,4,1,42,75,3,2,1,5,7
Upton,B.J.,uptonbj01,22,2006,0.37,218,195,26,54,11,2,6,22,4,1,19,41,1,2,1,1,3
Vidro,Jose,vidrojo01,32,2006,0.82,420,372,48,106,23,1,10,46,2,1,41,43,4,2,2,3,12
White,Rondell,whitero02,34,2006,0.82,450,412,57,116,22,3,15,60,2,2,28,65,2,6,0,4,11
Williams,Glenn,willigl01,29,2006,0.15,222,200,25,58,10,1,5,24,3,3,17,36,1,2,2,1,4
Wilson,Preston,wilsopr01,32,2006,0.83,510,462,64,122,27,1,21,81,7,5,40,114,1,5,1,2,17
Winn,Randy,winnra01,32,2006,0.87,612,552,77,160,35,5,14,64,17,7,43,89,2,6,7,4,11
Youkilis,Kevin,youkike01,27,2006,0.55,272,235,36,63,14,1,7,33,2,2,30,47,1,4,1,2,3
Young,Dmitri,youngdm01,33,2006,0.84,497,450,64,123,25,3,19,65,2,1,36,93,7,8,0,3,13
Allen,Luke,allenlu01,28,2006,0,200,179,24,48,10,1,6,23,3,1,17,32,1,2,1,1,5
Anderson,Garret,anderga01,34,2006,0.85,549,516,63,149,30,2,17,83,3,2,28,79,6,1,0,4,10
Atkins,Garrett,atkinga01,27,2006,0.73,490,442,55,124,26,1,11,70,2,2,39,66,1,4,1,4,13
Baker,Jeff,bakerje03,25,2006,0.15,222,198,28,53,13,1,6,26,3,1,20,39,1,2,1,1,5
Baldelli,Rocco,baldero01,25,2006,0.78,256,236,34,68,13,2,6,31,8,2,14,42,1,3,1,2,5
Barmes,Clint,barmecl01,27,2006,0.65,396,362,56,103,20,2,10,48,5,3,22,50,1,6,4,2,6
Barrett,Michael,barremi01,30,2006,0.81,489,438,53,118,29,4,15,60,2,3,37,66,4,6,3,5,10
Belliard,Ron,belliro01,31,2006,0.86,560,507,68,141,35,1,12,63,4,2,43,78,2,2,4,4,14
Betemit,Wilson,betemwi01,25,2006,0.57,342,307,42,88,15,3,7,32,3,3,28,64,4,1,3,3,6
Botts,Jason,bottsja01,26,2006,0.11,215,192,27,53,9,1,5,25,3,1,19,40,1,2,1,1,5
Brazell,Craig,brazecr01,26,2006,0.1,204,184,25,50,10,1,6,23,3,1,16,33,1,2,1,1,4
Broussard,Ben,brousbe01,30,2006,0.83,501,450,59,117,28,4,17,69,4,2,40,92,4,7,1,3,7
Burnitz,Jeromy,burnije01,37,2006,0.86,596,540,76,138,27,2,26,84,5,4,48,112,5,4,1,3,9
Cabrera,Melky,cabreme01,22,2006,0.07,210,189,26,52,10,1,6,24,3,1,17,31,1,2,1,1,4
Cameron,Mike,camermi01,33,2006,0.83,428,380,54,95,23,2,16,51,13,3,40,98,1,5,1,2,7
Castillo,Luis,castilu01,31,2006,0.86,527,458,71,134,14,4,5,36,13,7,55,50,1,2,10,2,10
Castro,Bernie,castrbe01,27,2006,0.27,244,218,33,60,11,2,5,26,7,3,22,35,1,2,1,1,4
Chapman,Travis,chapmtr01,28,2006,0,200,179,25,48,10,1,6,23,3,1,17,32,1,2,1,1,4
Chavez,Angel,chavean02,25,2006,0.08,210,188,25,52,10,1,6,24,3,1,17,33,1,2,2,1,4
Choo,Shin-Soo,choosh01,24,2006,0.08,210,187,25,49,10,1,6,24,3,1,19,33,1,2,1,1,4
Church,Ryan,churcry01,28,2006,0.6,358,319,45,86,17,3,10,45,4,2,30,72,1,4,2,3,8
Clark,Brady,clarkbr02,33,2006,0.84,579,511,68,145,27,1,11,55,13,9,47,62,2,13,4,4,13
Cortez,Fernando,cortefe01,25,2006,0.06,207,185,24,49,10,1,6,24,3,1,18,33,1,2,1,1,4
Crawford,Carl,crawfca02,25,2006,0.87,611,570,87,170,26,12,11,61,44,9,30,79,2,3,3,5,7
Crisp,Coco,crispco01,27,2006,0.85,582,529,77,155,30,4,13,62,16,8,39,74,2,1,9,4,8
Crosby,Bobby,crosbbo01,26,2006,0.79,448,396,61,103,26,2,13,47,4,1,41,81,1,5,3,3,13
Crozier,Eric,crozier01,28,2006,0.12,204,181,25,47,10,1,6,23,3,1,19,40,1,2,1,1,4
Cruz,Jose,cruzjo02,32,2006,0.85,482,414,57,102,22,3,16,54,5,4,61,94,4,1,2,4,9
Cuddyer,Mike,cuddymi01,27,2006,0.78,473,424,58,113,24,3,13,48,5,4,42,86,3,3,2,2,15
Cummings,Midre,cummimi01,35,2006,0.17,207,185,26,49,10,1,6,23,3,1,17,35,1,3,1,1,4
Davanon,Jeff,davanje02,33,2006,0.76,369,317,49,83,15,2,8,34,14,5,43,59,1,2,3,4,6
Dawkins,Travis,dawkitr01,27,2006,0.01,200,179,25,48,10,1,6,23,3,1,17,32,1,2,1,1,4
Doumit,Ryan,doumiry01,25,2006,0.52,328,293,37,79,17,1,9,43,4,2,21,56,2,10,2,2,7
Duncan,Chris,duncach01,25,2006,0.04,205,184,26,50,11,1,6,26,3,1,17,35,1,2,1,1,5
Eldred,Brad,eldrebr01,26,2006,0.46,304,273,36,69,14,1,13,38,3,2,23,77,1,4,1,3,7
Encarnacion,Edwin,encared01,23,2006,0.49,317,283,38,74,19,1,11,41,4,1,28,63,3,4,1,1,8
Figgins,Chone,figgich01,28,2006,0.85,624,560,87,163,23,10,7,57,39,12,51,90,1,1,8,4,8
Fiorentino,Jeff,fioreje01,23,2006,0.16,224,201,29,55,11,1,6,27,4,1,18,36,1,2,1,2,4
Freel,Ryan,freelry01,30,2006,0.81,475,412,65,112,20,4,6,30,29,8,49,67,1,8,5,1,8
Fullmer,Brad,fullmbr01,31,2006,0.61,229,204,30,53,12,1,7,27,3,2,21,30,2,2,1,1,5
Furcal,Rafael,furcara01,29,2006,0.87,608,546,93,154,27,7,12,54,28,6,52,71,3,2,4,4,8
Gall,John,galljo01,28,2006,0.14,220,198,27,54,12,1,7,30,3,1,17,36,1,2,1,2,4
Garabito,Eddy,garabed01,30,2006,0.3,251,223,32,62,12,1,6,26,5,3,20,37,1,4,3,1,5
Garcia,Danny,garcida03,26,2006,0.42,217,186,27,48,10,1,5,24,3,1,20,37,2,6,3,2,4
Gibbons,Jay,gibboja01,29,2006,0.84,497,458,59,123,27,2,18,68,1,1,33,67,4,2,1,3,12
Gload,Ross,gloadro01,30,2006,0.51,248,224,27,63,13,1,6,34,2,2,19,38,1,2,1,2,8
Godwin,Tyrell,godwity01,27,2006,0.01,202,181,25,48,10,1,6,23,3,1,17,32,1,2,1,1,4
Gonzalez,Juan,gonzaju03,37,2006,0.57,214,197,27,54,9,1,9,31,1,1,13,38,1,2,1,1,5
Gonzalez,Luis A.,gonzalu02,27,2006,0.75,456,414,54,120,24,1,12,49,3,4,25,72,1,6,8,3,8
Griffin,John-Ford,griffjo01,27,2006,0.05,206,186,27,51,11,1,6,28,3,1,16,34,1,2,1,1,4
Hall,Bill,hallbi03,27,2006,0.8,514,473,62,129,31,5,14,61,14,6,33,105,2,2,3,3,10
Hart,Corey,hartco01,24,2006,0.21,232,208,30,54,11,2,7,27,4,1,20,37,1,2,1,1,8
Hawpe,Brad,hawpebr01,27,2006,0.65,387,340,44,90,14,3,10,47,4,2,41,75,4,2,1,3,7
Helms,Wes,helmswe01,30,2006,0.76,325,291,32,78,16,1,9,37,1,1,25,64,1,5,1,3,9
Henson,Drew,hensodr01,26,2006,0.02,200,179,25,48,10,1,6,23,3,1,17,32,1,2,1,1,4
Hernandez,Michel,hernami01,28,2006,0.01,200,179,24,48,10,1,6,23,3,1,17,32,1,2,1,1,4
Hernandez,Ramon,hernara02,30,2006,0.82,439,400,48,111,21,1,15,61,2,0,28,54,1,5,2,4,14
Hidalgo,Richard,hidalri01,31,2006,0.83,427,385,54,98,22,2,18,57,4,3,34,85,4,5,0,3,11
Hill,Aaron,hillaa01,24,2006,0.63,404,357,50,101,24,3,6,44,3,1,35,48,1,5,3,4,6
Hillenbrand,Shea,hillesh02,31,2006,0.86,583,538,71,156,33,2,16,78,4,1,27,68,2,13,0,5,19
Ibanez,Raul,ibanera01,34,2006,0.86,597,539,77,152,30,2,16,73,6,3,49,84,5,3,1,5,11
Iguchi,Tadahito,iguchta01,32,2006,0.71,490,433,61,118,22,4,13,59,11,4,40,92,1,5,7,5,13
Jackson,Conor,jacksco01,24,2006,0.29,250,220,28,57,11,1,7,27,3,1,24,35,1,3,1,2,8
Johnson,Ben,johnsbe02,25,2006,0.27,244,214,30,56,15,2,7,31,3,2,24,45,2,2,2,2,7
Johnson,Gary,johnsga01,31,2006,0.02,200,179,24,48,10,1,5,23,3,2,17,32,1,2,1,1,4
Johnson,Kelly,johnske05,24,2006,0.58,367,321,50,84,16,3,10,45,4,2,40,70,2,2,2,2,10
Jorgensen,Ryan,jorgery01,27,2006,0.02,202,181,25,48,10,1,6,23,3,1,17,34,1,2,1,1,4
Kelly,Kenny,kellyke01,27,2006,0.06,207,186,28,51,10,1,5,25,4,3,17,36,1,2,1,1,4
Kendall,Jason,kendaja01,32,2006,0.87,604,535,70,157,27,1,4,50,8,5,47,44,2,17,1,4,16
Keppinger,Jeff,keppije01,26,2006,0.29,212,191,23,54,8,1,6,22,3,1,16,27,1,2,1,2,6
Knoedler,Justin,knoedju01,26,2006,0.05,206,184,24,49,10,1,6,23,3,1,17,32,1,3,1,1,4
Koskie,Corey,koskico01,33,2006,0.83,451,394,57,102,22,1,15,52,7,3,47,92,5,6,0,4,8
Kotchman,Casey,kotchca01,23,2006,0.51,284,254,31,69,13,1,8,37,4,1,24,37,2,3,1,2,6
Kotsay,Mark,kotsama01,31,2006,0.86,582,529,68,150,31,2,12,60,6,4,45,65,3,2,3,3,10
LaRoche,Adam,larocad01,27,2006,0.77,487,440,56,118,29,1,17,67,2,2,38,87,4,3,2,4,13
Lawton,Matt,lawtoma02,35,2006,0.85,560,490,73,126,25,1,15,56,16,7,58,73,1,9,0,3,13
LeCroy,Matt,lecroma01,31,2006,0.77,404,363,40,97,15,0,15,56,1,1,33,85,2,5,1,2,9
Lee,Travis,leetr01,31,2006,0.77,422,381,50,102,22,2,12,47,6,3,37,66,3,1,1,2,9
Lieberthal,Mike,liebemi01,34,2006,0.83,474,426,52,116,26,1,13,55,1,1,34,54,6,9,1,4,12
Lofton,Kenny,loftoke01,39,2006,0.81,434,390,64,113,18,5,6,35,16,4,34,46,2,3,4,3,5
Lowell,Mike,lowelmi01,32,2006,0.86,546,488,64,129,32,1,17,69,4,1,48,67,4,4,1,5,14
Ludwick,Ryan,ludwiry01,28,2006,0.45,229,206,26,53,10,1,9,27,2,1,19,48,1,2,1,1,4
Lunsford,Trey,lunsftr01,27,2006,0,200,179,25,48,10,1,6,23,3,1,17,31,1,2,1,1,4
Machado,Andy,machaan01,25,2006,0.22,214,188,25,50,11,1,5,23,4,1,21,44,2,2,1,2,3
Majewski,Val,majewva01,25,2006,0.04,201,181,26,49,10,1,5,24,3,1,16,31,1,2,1,1,4
Matranga,Dave,matrada01,29,2006,0.02,200,180,25,48,10,1,6,23,3,1,16,32,1,2,1,1,4
McAnulty,Paul,mcanupa01,25,2006,0.11,214,189,27,51,9,1,5,23,4,1,19,35,2,3,2,1,4
McCann,Brian,mccanbr01,22,2006,0.46,302,267,35,76,13,1,8,36,3,2,27,42,5,2,4,2,7
McLouth,Nate,mclouna01,25,2006,0.33,260,234,37,63,13,1,9,30,4,1,17,41,1,5,2,2,6
Menechino,Frank,menecfr01,35,2006,0.67,321,276,38,68,13,2,8,28,1,2,36,54,1,6,2,1,6
Meyers,Chad,meyerch02,31,2006,0,200,179,25,48,10,1,5,23,3,1,17,32,1,2,1,1,4
Minor,Damon,minorda01,32,2006,0.2,207,181,24,47,9,1,5,22,2,1,20,37,1,4,1,1,5
Mirabelli,Doug,mirabdo01,36,2006,0.63,294,264,36,67,16,1,10,36,2,1,25,67,1,3,1,1,6
Monroe,Craig,monrocr01,29,2006,0.84,560,513,66,140,27,3,20,79,6,3,36,91,3,3,1,7,13
Morneau,Justin,morneju01,25,2006,0.78,503,452,61,117,24,2,21,75,2,2,42,86,7,4,1,4,10
Morse,Mike,morsemi01,24,2006,0.52,329,293,38,83,15,1,7,35,4,2,26,57,1,7,1,2,9
Nieves,Wil,nievewi01,29,2006,0.02,202,181,24,48,10,1,6,23,3,1,17,33,1,2,1,1,4
Pena,Carlos,penaca01,28,2006,0.81,404,354,52,88,16,2,17,52,4,2,42,100,2,4,1,3,7
Perez,Antonio,perezan01,26,2006,0.62,345,307,41,87,16,2,6,32,10,3,29,67,1,5,2,2,5
Petagine,Roberto,petagro01,35,2006,0.13,218,195,26,52,11,1,6,29,3,1,19,35,1,2,1,1,7
Phelps,Josh,phelpjo01,28,2006,0.76,329,297,40,78,16,1,12,46,1,1,23,74,2,7,0,2,9
Quinlan,Robb,quinlro01,29,2006,0.59,289,264,35,73,16,1,8,31,3,2,20,46,1,2,1,2,6
Reed,Keith,reedke01,28,2006,0.02,203,182,25,49,10,1,6,24,3,1,17,33,1,2,1,1,4
Reese,Kevin,reeseke01,28,2006,0.01,201,179,25,48,10,1,6,23,3,1,18,32,1,2,1,1,4
Renteria,Edgar,renteed01,31,2006,0.87,610,550,82,158,35,2,10,70,15,6,47,77,4,2,5,6,15
Restovich,Michael,restomi01,27,2006,0.46,268,240,35,63,13,2,7,26,2,1,24,49,1,2,1,1,7
Richard,Chris,richach01,32,2006,0.07,200,179,24,47,9,1,6,23,3,2,17,33,1,2,1,1,4
Rivera,Juan,riverju01,28,2006,0.78,431,397,51,112,23,1,14,57,4,5,30,54,3,1,2,1,14
Rodriguez,Ivan,rodriiv01,35,2006,0.85,520,480,68,139,30,3,14,63,7,4,31,87,4,3,1,5,16
Rodriguez,Luis,rodrilu01,26,2006,0.46,302,266,35,73,15,2,6,33,4,2,26,41,1,2,5,3,6
Rollins,Jimmy,rolliji01,28,2006,0.88,638,583,93,165,36,8,11,57,26,7,46,75,4,3,4,2,7
Sadler,Ray,sadlera01,26,2006,0.03,204,183,25,50,10,1,6,24,3,1,17,32,1,2,1,1,4
Saenz,Olmedo,saenzol01,36,2006,0.65,388,349,45,91,20,1,15,59,2,1,31,73,2,4,1,3,12
Sandoval,Danny,sandoda01,27,2006,0.01,201,180,26,48,10,1,6,23,3,1,17,32,1,2,1,1,4
Sardinha,Dane,sardida01,27,2006,0.02,202,181,25,48,10,1,6,23,3,1,17,33,1,2,1,1,4
Schumaker,Skip,schumsk01,26,2006,0.1,213,191,31,52,10,1,5,24,4,1,18,32,1,2,1,1,4
Sledge,Terrmel,sledgte01,29,2006,0.63,268,239,30,63,12,3,8,35,3,2,24,41,2,1,2,2,4
Stenson,Dernell,stensde01,28,2006,0.19,200,177,26,47,10,1,6,24,2,1,18,35,1,2,1,2,3
Stern,Adam,sternad01,26,2006,0.06,208,186,28,49,10,1,6,25,4,2,17,34,1,3,1,1,4
Stewart,Shannon,stewash01,32,2006,0.85,542,489,64,139,27,2,11,56,6,4,41,65,3,5,2,5,9
Sullivan,Cory,sullico01,27,2006,0.64,412,368,59,106,17,3,7,36,10,3,30,74,1,3,7,4,7
Swisher,Nick,swishni01,26,2006,0.71,468,413,60,104,27,1,17,63,2,1,47,88,3,5,1,2,9
Thompson,Rich,thompri02,27,2006,0,200,179,25,48,10,1,6,23,4,1,17,31,1,2,1,1,5
Tonis,Mike,tonismi01,27,2006,0.02,201,180,24,48,10,1,6,23,3,1,17,31,1,2,1,1,5
Torcato,Tony,torcato01,27,2006,0.12,207,183,24,51,9,1,5,23,3,1,17,32,1,3,2,2,5
Truby,Chris,trubych01,33,2006,0.11,200,179,23,48,10,1,5,22,3,1,17,35,1,2,1,1,4
Tyner,Jason,tynerja01,29,2006,0.34,230,206,28,58,11,1,4,23,4,1,19,32,1,2,2,1,5
Ugueto,Luis,uguetlu01,27,2006,0.01,200,179,26,48,10,1,6,24,4,1,17,31,1,2,1,1,4
Vento,Mike,ventomi01,28,2006,0.01,201,180,25,48,10,1,6,23,3,1,17,32,1,2,1,1,4
Vitiello,Joe,vitiejo01,36,2006,0.18,200,179,24,49,10,1,6,24,2,1,16,33,1,2,1,2,4
Walker,Todd,walketo04,33,2006,0.83,459,415,58,117,24,3,12,51,2,2,36,50,3,2,2,4,8
Weeks,Rickie,weeksri01,24,2006,0.64,407,356,54,92,16,2,12,44,12,2,38,82,2,9,2,2,10
Werth,Jayson,werthja01,27,2006,0.74,430,378,58,96,21,3,13,53,9,2,43,106,2,5,1,3,7
Wesson,Barry,wessoba01,29,2006,0.03,200,180,25,48,9,1,6,24,3,1,16,33,1,2,1,1,4
Whiteside,Eli,whiteel03,27,2006,0.05,206,185,25,50,10,1,6,24,3,1,17,33,1,2,1,1,5
Willingham,Josh,willijo03,27,2006,0.18,217,192,26,52,10,1,6,25,3,1,19,36,1,3,2,1,5
Wilson,Josh,wilsojo03,25,2006,0.04,206,184,26,49,11,1,6,23,3,1,17,34,1,3,1,1,4
Young,Walter,youngwa01,26,2006,0.13,218,195,25,54,10,1,6,25,3,1,19,35,2,2,1,1,5
Abad,Andy,abadan01,34,2006,0.05,200,179,23,46,9,1,5,22,3,2,17,33,1,2,1,1,5
Adams,Russ,adamsru01,26,2006,0.72,480,425,61,114,23,4,10,57,9,2,43,55,2,4,2,6,7
Alfaro,Jason,alfarja01,29,2006,0.04,201,180,24,48,9,1,5,22,3,1,16,34,1,2,2,1,5
Almonte,Erick,almoner01,28,2006,0.22,200,179,26,48,10,1,5,23,3,1,16,34,1,2,2,1,5
Alvarez,Tony,alvarto01,27,2006,0.13,204,182,25,48,10,1,6,26,3,1,17,32,1,2,1,2,4
Ambres,Chip,ambrech01,27,2006,0.41,284,251,38,65,14,1,8,26,5,2,25,48,2,3,3,2,7
Anderson,Brian N.,anderbr03,24,2006,0.13,218,197,26,52,10,1,7,25,4,1,16,39,1,2,2,1,5
Andino,Robert,andinro01,22,2006,0.17,225,200,27,52,13,1,5,23,4,1,20,34,2,2,2,1,5
Bellhorn,Mark,bellhma01,32,2006,0.81,440,376,55,90,23,1,10,47,5,2,57,117,1,3,1,3,6
Bergeron,Peter,bergepe01,29,2006,0.13,204,183,23,48,9,1,5,21,3,2,16,38,1,2,2,1,4
Bigbie,Larry,bigbila01,29,2006,0.79,405,365,49,98,17,2,10,43,7,3,33,80,1,1,3,3,5
Biggio,Craig,biggicr01,41,2006,0.87,596,537,80,139,35,1,18,56,8,2,37,89,2,14,5,3,8
Blake,Casey,blakeca01,33,2006,0.86,558,499,70,126,30,1,19,62,5,6,44,107,2,8,3,4,12
Blanco,Andres,blancan01,22,2006,0.37,250,225,29,62,9,3,5,25,3,3,16,30,1,3,4,2,5
Boone,Bret,boonebr01,37,2006,0.85,446,402,52,101,20,2,15,56,7,3,36,84,2,4,1,3,13
Bowen,Rob,bowenro01,25,2006,0.12,203,179,23,46,9,1,6,23,3,1,18,35,1,2,2,2,5
Brown,Adrian,brownad01,32,2006,0.07,201,181,24,48,9,1,5,22,4,1,16,33,1,2,1,1,4
Bruntlett,Eric,brunter01,28,2006,0.46,267,240,37,61,12,2,9,31,8,2,21,48,1,2,2,2,6
Budzinski,Mark,budzima01,33,2006,0.02,200,180,24,47,9,1,5,23,3,1,16,34,1,2,1,1,4
Burke,Jamie,burkeja02,35,2006,0.32,214,193,28,54,11,1,4,24,2,1,16,30,1,2,1,2,5
Burkhart,Morgan,burkhmo01,34,2006,0.04,200,180,24,47,9,1,5,23,3,1,16,32,1,2,1,1,4
Burroughs,Sean,burrose01,26,2006,0.82,415,375,45,107,17,3,4,36,5,2,29,50,3,7,2,2,8
Byrnes,Eric,byrneer01,30,2006,0.84,491,443,62,114,28,4,13,51,10,2,37,80,1,7,1,3,8
Calzado,Napoleon,calzana01,29,2006,0.02,202,182,24,48,10,1,5,23,3,1,16,32,1,2,1,1,4
Casanova,Raul,casanra01,34,2006,0.02,202,182,24,48,9,1,5,23,3,1,16,33,1,2,1,1,4
Castilla,Vinny,castivi02,39,2006,0.85,539,491,61,126,31,2,18,76,3,2,37,87,5,5,1,5,18
Castro,Ramon A.,castrra02,27,2006,0.05,202,181,25,48,10,1,5,24,3,1,17,32,2,2,1,1,5
Chamblee,Jim,chambji01,31,2006,0,200,180,24,47,10,1,5,23,3,1,16,33,1,2,1,1,4
Chen,Chin-Feng,chench01,29,2006,0.06,205,184,25,48,9,1,5,24,3,1,17,36,1,2,1,1,5
Clark,Doug,clarkdo01,30,2006,0.02,203,182,26,47,10,1,5,23,3,1,17,33,1,2,1,1,4
Clark,Howie,clarkho02,32,2006,0.39,213,189,26,50,10,1,5,22,2,1,17,29,1,2,3,2,5
Closser,J.D.,clossjd01,26,2006,0.61,348,307,37,80,17,2,8,36,3,1,33,58,1,3,3,2,9
Collier,Lou,collilo01,33,2006,0.12,204,183,26,48,9,1,5,23,3,2,17,35,1,2,1,1,5
Conine,Jeff,coninje01,40,2006,0.84,450,403,49,111,24,2,9,53,4,2,36,63,3,3,2,6,13
Cordova,Marty,cordoma01,37,2006,0.09,200,178,24,46,9,1,5,22,3,1,18,32,2,2,1,1,4
Costa,Shane,costash01,25,2006,0.27,244,219,32,58,10,1,7,27,3,1,19,36,1,3,2,1,6
Crede,Joe,credejo01,28,2006,0.84,490,446,58,114,24,1,18,62,2,1,30,69,2,7,3,4,10
Cromer,Tripp,crometr01,39,2006,0.01,200,180,23,47,9,1,5,23,3,1,16,33,1,2,1,1,4
Dallimore,Brian,dallibr01,33,2006,0.16,208,186,26,49,10,1,5,24,2,2,17,32,1,2,1,2,5
Daubach,Brian,daubabr01,34,2006,0.49,226,196,26,47,13,1,6,23,2,1,25,45,1,2,1,2,5
DePastino,Joe,depasjo01,33,2006,0,200,180,24,47,10,1,5,23,3,1,16,33,1,2,1,1,4
DeVore,Doug,devordo01,29,2006,0.28,211,191,21,49,9,2,6,24,3,1,16,40,1,2,1,1,4
Diaz,Matt,diazma02,28,2006,0.34,251,225,28,60,11,3,6,27,2,2,18,41,1,4,2,2,6
Dominique,Andy,dominan01,31,2006,0.05,203,182,24,47,9,1,5,23,3,1,16,33,1,3,1,1,4
Dransfeldt,Kelly,dranske01,31,2006,0.09,203,184,25,50,9,1,5,24,3,1,15,33,1,2,1,1,4
Dubois,Jason,duboija01,27,2006,0.48,304,275,35,70,16,1,11,37,2,2,22,77,2,4,1,2,5
Dye,Jermaine,dyeje01,32,2006,0.83,548,495,70,127,25,2,21,70,7,3,42,101,3,6,1,4,15
Encarnacion,Juan,encarju01,30,2006,0.85,535,486,61,129,28,3,15,68,8,5,37,86,2,6,3,3,11
Erickson,Matt,erickma01,31,2006,0.02,201,181,24,48,10,1,5,23,3,1,16,32,1,2,1,1,4
Escalona,Felix,escalfe01,27,2006,0.15,209,186,24,48,10,1,5,23,3,1,17,35,1,3,2,1,5
Estrada,Johnny,estrajo01,30,2006,0.77,443,403,44,114,28,0,7,53,1,1,29,54,5,7,1,3,14
Everett,Carl,evereca01,35,2006,0.83,504,451,58,117,21,2,18,69,5,3,37,82,3,9,1,6,11
Fasano,Sal,fasansa01,35,2006,0.42,287,260,37,66,10,1,12,33,2,1,20,56,1,5,1,1,7
Flores,Jose,florejo01,33,2006,0.02,200,179,24,47,9,1,5,23,3,1,17,33,1,2,1,1,4
Franco,Julio,francju01,48,2006,0.74,369,330,39,88,17,2,9,50,4,2,33,73,3,2,1,3,12
Freire,Alejandro,freiral01,32,2006,0.23,236,212,27,55,11,1,6,24,3,1,19,42,1,3,1,1,7
Furmaniak,J.J.,furmajj01,27,2006,0.11,215,192,26,50,10,2,5,23,3,1,19,33,1,2,1,1,4
Galarraga,Andres,galaran01,45,2006,0.43,201,183,23,49,9,1,6,24,2,2,14,38,1,2,1,1,6
German,Esteban,germaes01,28,2006,0.2,208,187,28,51,9,1,5,24,4,2,16,35,1,2,2,1,5
Gerut,Jody,gerutjo01,29,2006,0.8,350,313,41,82,20,2,8,37,5,3,30,43,2,4,1,2,7
Gettis,Byron,gettiby01,26,2006,0.14,205,181,26,47,9,1,5,21,3,2,19,36,2,2,1,2,4
Giambi,Jeremy,giambje01,32,2006,0.28,200,175,23,43,9,1,6,22,2,1,21,38,1,2,1,1,4
Giarratano,Tony,giarrto01,24,2006,0.16,224,200,27,51,9,1,6,26,4,1,20,34,1,2,1,1,5
Ginter,Keith,ginteke01,30,2006,0.76,322,284,35,70,14,1,10,40,3,1,27,63,1,6,2,3,7
Gipson,Charles,gipsoch01,34,2006,0.1,208,184,26,48,10,1,5,23,5,2,17,34,1,2,4,1,4
Glavine,Mike,glavimi01,33,2006,0.02,200,180,24,47,9,1,5,23,3,1,16,33,1,2,1,1,4
Gomez,Alexis,gomezal01,28,2006,0.15,212,190,24,50,9,1,5,24,3,1,18,35,1,2,1,1,4
Gonzalez,Adrian,gonzaad01,24,2006,0.45,285,259,35,67,14,1,9,34,2,1,21,51,2,2,1,2,5
Graffanino,Tony,graffto01,34,2006,0.78,440,397,63,110,19,2,8,40,9,2,34,59,2,4,3,2,10
Greene,Khalil,greenkh01,27,2006,0.8,493,442,57,117,29,3,14,63,5,1,37,88,5,6,2,6,9
Gregorio,Tom,gregoto01,29,2006,0.05,200,180,24,47,9,1,5,23,3,1,16,34,1,2,1,1,4
Grieve,Ben,grievbe01,30,2006,0.61,242,208,27,53,11,0,6,26,1,1,28,49,3,3,1,2,4
Grudzielanek,Mark,grudzma01,36,2006,0.82,509,470,60,136,28,2,8,47,6,4,28,71,2,6,3,2,13
Guiel,Aaron,guielaa01,34,2006,0.67,276,247,36,62,14,0,9,28,3,2,20,50,1,6,1,2,5
Hairston,Jerry,hairsje02,30,2006,0.78,448,393,52,107,24,2,5,36,12,8,35,50,1,10,8,2,7
Hammock,Robby,hammoro01,29,2006,0.55,221,201,26,53,13,2,6,24,3,2,16,39,3,1,1,2,6
Hardy,J.J.,hardyjj01,24,2006,0.64,414,363,48,96,22,1,10,50,2,1,41,52,6,2,6,2,9
Harris,Brendan,harribr01,26,2006,0.2,211,190,24,49,11,1,6,24,2,1,16,33,1,3,1,1,5
Hart,Bo,hartbo01,30,2006,0.46,201,182,25,49,9,2,4,21,2,1,13,36,1,3,2,1,3
Harvey,Ken,harveke01,28,2006,0.76,273,251,27,69,13,1,7,31,1,1,17,48,1,3,1,1,7
Heintz,Chris,heintch01,32,2006,0.1,213,192,24,50,12,1,5,24,3,1,17,36,1,2,1,1,5
Hernandez,Anderson,hernaan01,24,2006,0.07,210,188,25,49,10,1,6,23,3,2,18,33,1,2,1,1,4
Hill,Bobby,hillbo01,28,2006,0.57,279,246,32,66,12,1,4,30,2,2,23,43,2,7,1,2,9
Hooper,Kevin,hoopeke01,30,2006,0.03,204,182,24,48,10,1,5,23,3,1,16,33,1,2,3,1,4
House,J.R.,housejr01,27,2006,0.03,201,181,25,48,10,1,5,23,3,1,16,32,1,2,1,1,5
Houston,Tyler,houstty01,35,2006,0.2,200,181,22,48,10,1,5,24,2,1,15,34,1,2,1,1,4
Hubbard,Trenidad,hubbatr01,40,2006,0.05,200,179,23,46,9,1,5,22,3,1,17,33,1,2,1,1,4
Hudson,Orlando,hudsoor01,29,2006,0.84,506,458,61,123,25,5,10,57,6,2,38,79,1,4,1,5,11
Hundley,Todd,hundlto01,37,2006,0.09,200,178,23,45,9,1,6,25,3,2,18,36,1,2,1,1,4
Hunter,Torii,hunteto01,31,2006,0.84,465,422,62,110,26,1,16,64,14,6,35,77,4,5,0,3,13
Inge,Brandon,ingebr01,29,2006,0.84,593,530,61,138,25,7,14,65,7,5,47,110,1,4,6,6,11
Jimenez,D'Angelo,jimenda01,29,2006,0.81,325,286,37,76,14,2,6,30,6,3,35,49,1,1,2,1,6
Johnson,Charles,johnsch04,35,2006,0.71,264,230,30,54,14,0,9,33,2,1,29,55,1,2,1,2,6
Johnson,Reed,johnsre02,30,2006,0.83,478,436,62,119,22,3,9,55,5,4,25,80,2,13,2,2,11
Johnson,Rontrez,johnsro06,30,2006,0.01,200,180,26,48,10,1,5,23,3,1,16,33,1,2,1,1,4
Johnson,Russ,johnsru01,33,2006,0.08,210,188,27,49,11,1,5,22,3,1,17,35,1,3,1,1,4
Jones,Jacque,jonesja04,31,2006,0.85,553,504,67,132,24,2,19,68,12,5,38,106,5,6,2,3,13
Jones,Jason,jonesja05,30,2006,0.23,200,179,23,46,10,1,5,22,2,1,16,33,1,3,1,1,4
Jose,Felix,josefe01,41,2006,0.06,200,178,23,46,9,1,5,24,3,1,18,33,2,2,1,1,5
Kelton,David,keltoda01,27,2006,0.06,201,181,24,47,10,1,5,23,3,1,16,34,1,2,1,1,4
Kennedy,Adam,kennead01,30,2006,0.83,483,431,59,121,21,2,8,44,16,5,36,74,3,8,5,3,8
Kielty,Bobby,kieltbo01,30,2006,0.8,444,384,55,96,22,1,11,52,4,2,51,73,3,4,2,3,11
Kinkade,Mike,kinkami01,33,2006,0.32,200,176,25,44,9,1,5,20,2,2,15,35,2,7,1,1,6
Knott,Jon,knottjo02,28,2006,0.05,202,181,24,48,11,1,5,23,3,1,17,34,1,2,1,1,4
Koonce,Graham,kooncgr01,31,2006,0.02,200,180,24,47,10,1,5,23,3,1,16,34,1,2,1,1,4
Krynzel,Dave,krynzda01,25,2006,0.16,208,185,25,48,9,1,5,23,3,1,17,38,1,4,1,1,4
Lamb,Mike,lambmi01,31,2006,0.72,406,368,47,94,17,4,14,59,3,2,31,74,2,2,1,4,9
Lankford,Ray,lankfra01,39,2006,0.44,224,197,29,50,12,1,6,23,3,2,21,44,2,2,1,3,5
LaRocca,Greg,larocgr01,34,2006,0.02,200,180,25,48,10,1,5,22,3,1,16,32,1,2,1,1,4
LaRue,Jason,larueja01,32,2006,0.81,456,399,47,100,25,1,14,56,2,2,35,104,5,16,3,3,9
Latham,Chris,lathach01,33,2006,0,200,180,25,48,10,1,5,23,3,1,16,32,1,2,1,1,4
Ledee,Ricky,ledeeri01,33,2006,0.72,354,313,42,80,18,1,11,48,2,1,33,70,3,3,1,4,7
Leone,Justin,leoneju01,29,2006,0.28,212,190,26,48,10,1,7,24,3,1,17,40,1,3,1,1,3
Lopez,Mickey,lopezmi01,33,2006,0.02,201,179,24,47,9,1,5,23,3,1,17,32,1,3,1,1,4
Lugo,Julio,lugoju01,31,2006,0.87,610,545,75,152,31,4,9,60,23,6,50,87,1,5,5,5,7
Luna,Hector,lunahe01,26,2006,0.56,296,266,41,72,15,3,5,35,10,3,21,49,1,4,2,3,6
Mackowiak,Rob,mackoro01,30,2006,0.82,512,459,58,120,21,4,12,60,10,3,43,101,3,5,2,3,6
Marrero,Eli,marreel01,33,2006,0.65,306,274,36,71,16,2,10,39,3,1,23,57,1,2,2,5,5
Martinez,Edgar,martied01,43,2006,0.77,255,224,25,58,11,0,7,31,1,1,27,46,3,2,0,2,7
Martinez,Tino,martiti02,39,2006,0.82,428,375,49,94,16,1,15,54,3,1,43,63,5,5,1,4,11
Matos,Julius,matosju01,32,2006,0.13,200,181,24,48,9,1,6,23,3,1,15,33,1,2,1,1,5
Matthews,Gary,matthga02,32,2006,0.82,495,446,63,115,26,3,13,50,9,3,43,89,2,2,1,3,8
McCarty,David,mccarda01,37,2006,0.42,220,197,28,53,11,1,5,25,2,1,18,42,1,2,1,2,5
McClain,Scott,mcclasc01,34,2006,0.06,208,186,24,48,10,1,5,23,3,1,18,33,1,2,1,1,5
McPherson,Dallas,mcpheda01,26,2006,0.51,314,287,40,74,17,2,11,38,5,3,23,72,1,2,1,1,6
Melhuse,Adam,melhuad01,34,2006,0.59,274,251,31,65,15,1,9,34,2,1,20,55,1,1,1,1,5
Meluskey,Mitch,melusmi01,33,2006,0.03,200,178,24,46,10,1,5,23,3,1,17,32,1,2,1,2,4
Mendez,Donaldo,mendedo01,28,2006,0.19,200,179,24,47,10,1,5,23,3,1,16,39,1,2,1,2,3
Mientkiewicz,Doug,mientdo01,32,2006,0.81,401,351,45,91,21,1,9,39,2,2,42,50,4,3,2,3,11
Mohr,Dustan,mohrdu01,30,2006,0.77,379,334,49,83,19,2,13,40,3,3,36,91,2,4,2,3,7
Molina,Bengie,molinbe01,32,2006,0.81,461,426,46,119,20,0,14,67,1,2,25,47,2,2,3,5,17
Mosquera,Julio,mosquju01,34,2006,0,200,180,24,47,10,1,5,23,3,1,16,32,1,2,1,1,4
Mottola,Chad,mottoch01,35,2006,0.05,202,181,24,46,10,1,6,24,3,1,17,33,1,2,1,1,5
Murray,Calvin,murraca01,35,2006,0.02,201,180,25,47,9,1,5,23,3,1,17,32,1,2,1,1,4
Myers,Greg,myersgr01,40,2006,0.51,208,187,24,50,10,0,6,25,1,1,18,34,1,1,1,1,7
Myrow,Brian,myrowbr01,30,2006,0.09,212,188,25,49,10,1,5,22,3,1,20,37,1,2,1,1,4
Nady,Xavier,nadyxa01,28,2006,0.73,386,351,45,93,17,2,12,43,4,2,26,68,1,6,2,1,9
Nevin,Phil,nevinph01,35,2006,0.82,469,422,54,110,20,1,16,68,3,1,39,94,2,3,1,4,12
Niekro,Lance,niekrla01,27,2006,0.56,351,319,41,84,18,3,12,49,2,2,24,58,1,3,1,4,10
Ojeda,Augie,ojedaau01,32,2006,0.24,207,183,28,49,8,1,5,22,3,1,18,29,1,2,2,2,4
Olerud,John,olerujo01,38,2006,0.8,346,303,33,79,16,1,7,42,1,1,36,43,3,3,1,3,10
Orr,Pete,orrpe01,27,2006,0.4,281,256,43,73,14,2,5,25,7,2,18,42,1,2,4,1,5
Ortmeier,Dan,ortmeda01,25,2006,0.1,213,189,25,50,10,1,5,24,4,1,19,34,1,3,1,1,6
Palmeiro,Rafael,palmera01,42,2006,0.85,476,416,53,104,18,1,19,64,2,1,51,55,6,3,0,6,10
Payton,Jay,paytoja01,34,2006,0.84,469,429,59,116,19,3,15,58,3,2,32,56,2,3,2,3,13
Phillips,Paul,phillpa01,29,2006,0.23,234,215,28,57,12,2,6,28,3,1,15,33,1,2,1,1,7
Piazza,Mike,piazzmi01,38,2006,0.81,474,420,47,107,22,0,17,55,1,1,48,73,7,3,1,2,12
Pickering,Calvin,pickeca01,30,2006,0.38,230,203,30,51,11,1,8,30,2,1,22,51,1,1,1,3,6
Pierre,Juan,pierrju01,29,2006,0.88,634,575,83,170,21,9,4,43,43,15,40,42,1,7,10,2,9
Pierzynski,A.J.,pierzaj01,30,2006,0.84,500,459,55,126,26,2,13,64,2,2,24,55,5,12,2,3,17
Podsednik,Scott,podsesc01,30,2006,0.86,555,498,74,137,25,4,7,37,46,13,45,79,1,4,5,3,8
Porter,Colin,porteco01,31,2006,0.17,204,185,24,49,9,1,5,21,3,1,15,42,1,2,1,1,5
Prieto,Chris,prietch01,34,2006,0.01,202,181,24,47,10,1,5,23,3,1,16,32,1,2,2,1,4
Raburn,Ryan,raburry01,25,2006,0.09,203,182,25,48,10,1,5,23,3,1,17,37,1,2,1,1,4
Ramirez,Julio,ramirju01,29,2006,0.02,202,181,27,48,10,1,5,24,3,1,16,32,1,2,2,1,4
Randa,Joe,randajo01,37,2006,0.85,558,505,66,138,33,2,13,61,1,1,41,76,2,5,2,5,12
Ransom,Cody,ransoco01,30,2006,0.25,208,187,28,49,11,1,5,24,3,2,16,40,1,2,2,1,4
Redman,Prentice,redmapr01,27,2006,0.06,200,179,25,47,10,1,6,23,4,1,16,34,1,2,2,1,4
Reed,Jeremy,reedje03,25,2006,0.71,479,428,58,117,28,2,6,45,10,7,43,64,2,3,3,2,9
Rios,Alexis,riosal01,25,2006,0.79,506,465,66,129,25,6,8,50,14,6,33,90,1,4,1,3,14
Rivera,Mike,rivermi02,30,2006,0.13,200,179,22,46,9,1,5,21,2,1,17,33,1,2,1,1,6
Rivera,Ruben,riverru01,33,2006,0.12,200,179,24,46,9,1,6,22,3,1,17,35,2,2,1,1,4
Romero,Mandy,romerma01,39,2006,0.02,200,179,24,47,10,1,5,22,3,1,16,33,1,3,1,1,5
Ross,Cody,rossco01,26,2006,0.14,213,191,24,50,10,1,6,25,3,1,17,38,1,2,2,1,5
Ruan,Wilkin,ruanwi01,28,2006,0.09,200,181,23,48,10,1,5,22,3,1,15,32,1,2,1,1,4
Salmon,Tim,salmoti01,38,2006,0.69,221,195,24,50,11,1,5,24,2,1,21,37,1,3,0,2,4
Sanchez,Freddy,sanchfr01,29,2006,0.69,448,410,52,115,23,3,7,38,3,2,27,47,2,4,4,3,6
Sandberg,Jared,sandbja01,28,2006,0.28,200,177,23,45,11,1,6,25,2,1,18,41,1,2,2,1,4
Santos,Angel,santoan01,27,2006,0.17,200,181,24,48,9,1,6,22,3,1,15,34,1,2,1,1,4
Santos,Francisco,santofr01,32,2006,0.04,200,180,24,47,10,1,6,23,3,1,16,32,1,2,1,1,4
Sears,Todd,searsto01,31,2006,0.17,200,178,24,47,9,1,5,24,2,1,17,34,1,2,1,2,5
Segui,David,seguida01,40,2006,0.46,206,185,23,49,9,1,5,22,2,1,17,37,2,2,1,1,6
Seguignol,Fernando,seguife01,31,2006,0.02,200,179,24,47,9,1,5,23,3,1,17,33,1,2,1,1,4
Self,Todd,selfto01,28,2006,0.17,224,201,28,52,11,1,6,25,3,1,18,36,1,2,2,1,5
Shabala,Adam,shabaad01,28,2006,0.07,209,186,25,49,9,1,5,26,3,1,17,35,1,2,2,2,5
Shoppach,Kelly,shoppke01,26,2006,0.06,208,186,25,48,10,1,6,23,3,1,17,36,1,3,1,1,4
Smith,Mark,smithma03,36,2006,0.15,200,179,24,46,10,1,6,24,2,1,16,33,1,2,1,2,6
Snyder,Earl,snydeea01,30,2006,0.01,200,180,24,48,10,1,5,23,3,1,16,32,1,2,1,1,5
Sosa,Sammy,sosasa01,38,2006,0.83,466,417,56,102,18,1,22,61,1,1,43,103,4,3,0,3,12
Spivey,Junior,spiveju01,31,2006,0.76,373,331,46,84,19,1,10,39,7,3,33,82,2,6,1,2,7
Strong,Jamal,stronja01,28,2006,0.1,212,188,29,50,9,2,5,24,3,1,18,35,1,3,1,2,4
Sutton,Larry,suttola01,36,2006,0.02,201,180,24,47,9,1,5,23,3,1,17,33,1,2,1,1,4
Swann,Pedro,swannpe01,36,2006,0.04,200,180,24,47,10,1,6,23,3,1,16,33,1,2,1,1,5
Thames,Marcus,thamema01,29,2006,0.57,277,248,33,60,12,1,11,36,2,1,23,60,1,3,1,2,5
Theriot,Ryan,theriry01,27,2006,0.06,207,186,27,49,10,1,5,23,3,1,17,32,1,2,1,1,4
Thomas,Charles,thomach01,28,2006,0.53,254,224,30,59,9,2,6,27,3,2,21,40,4,7,1,1,4
Thurston,Joe,thursjo01,27,2006,0.08,202,181,25,48,10,2,5,22,3,1,16,33,1,2,1,2,4
Trammell,Bubba,trammbu01,35,2006,0.13,200,179,23,46,10,1,5,22,2,1,17,33,1,2,1,1,4
Uribe,Juan,uribeju01,27,2006,0.83,525,473,66,127,26,4,17,65,7,6,33,82,1,4,9,6,8
Valderrama,Carlos,valdeca02,29,2006,0.02,200,180,24,48,10,1,5,23,3,1,16,33,1,2,1,1,4
Valent,Eric,valener01,29,2006,0.57,255,229,30,59,12,1,8,26,2,1,23,50,3,1,1,1,6
Valentin,Javier,valenja01,31,2006,0.68,349,313,40,80,16,1,12,47,2,1,30,57,3,2,1,3,8
Vaughn,Greg,vaughgr01,41,2006,0.1,200,177,25,45,10,1,6,22,2,1,18,36,1,2,1,2,4
Watson,Brandon,watsobr01,25,2006,0.17,224,198,30,51,10,2,6,26,3,3,19,35,1,2,4,1,4
Wigginton,Ty,wiggity01,29,2006,0.8,340,308,39,80,18,2,9,40,5,1,26,57,2,3,1,2,8
Young,Eric,younger01,39,2006,0.77,322,283,42,74,16,1,5,24,11,7,31,31,1,3,3,2,8
Young,Ernie,younger02,37,2006,0.05,200,178,23,47,9,1,5,22,3,2,18,35,1,2,1,1,5
Zaun,Gregg,zaungr01,35,2006,0.8,495,430,56,108,22,1,10,53,2,3,57,72,2,3,1,4,11
Aguila,Chris,aguilch01,27,2006,0.33,245,224,33,58,11,1,6,25,2,2,17,45,1,2,1,1,3
Alexander,Manny,alexama02,35,2006,0.14,213,191,24,48,11,1,5,23,3,1,17,38,2,3,1,1,4
Alfonzo,Edgardo,alfoned01,33,2006,0.83,459,414,47,112,20,1,8,56,3,1,36,41,2,3,2,4,12
Ardoin,Danny,ardoida01,32,2006,0.52,325,284,38,69,14,1,8,33,3,2,27,72,2,7,5,2,9
Aurilia,Rich,aurilri01,35,2006,0.83,479,435,56,115,23,2,11,55,3,1,36,73,1,2,3,3,12
Baerga,Carlos,baergca01,38,2006,0.62,296,268,32,72,13,1,6,36,2,1,19,37,1,6,1,2,9
Banks,Brian,banksbr01,36,2006,0.31,200,175,21,44,9,1,5,23,3,1,19,36,1,2,2,2,4
Barajas,Rod,barajro01,31,2006,0.79,463,422,53,105,26,1,16,60,1,1,26,75,2,5,5,5,7
Barnes,Larry,barnela01,32,2006,0.09,200,181,23,47,10,1,5,22,3,1,15,33,1,2,1,1,4
Bautista,Danny,bautida01,34,2006,0.73,258,236,27,65,12,1,5,28,3,1,17,35,1,2,1,2,8
Berger,Brandon,bergebr01,31,2006,0.18,204,183,24,47,9,1,5,22,3,2,16,33,1,2,2,1,4
Bergolla,William,bergowi01,23,2006,0.14,219,199,26,51,10,1,5,24,3,1,16,37,1,2,1,1,5
Berroa,Angel,berroan01,28,2006,0.86,581,533,71,145,24,5,11,54,12,5,25,92,2,12,8,3,12
Betancourt,Yuniesky,betanyu01,24,2006,0.49,314,285,37,77,16,4,5,30,3,3,21,41,1,3,2,3,5
Blanco,Tony,blancto01,25,2006,0.21,232,210,28,53,11,1,6,27,3,1,17,43,1,3,1,1,4
Boone,Aaron,booneaa01,33,2006,0.8,482,436,57,110,20,2,15,57,10,2,32,79,2,6,4,4,12
Bordick,Mike,bordimi01,41,2006,0.49,200,181,22,47,9,1,4,25,2,1,16,33,1,1,1,1,4
Bubela,Jaime,bubelja01,28,2006,0.08,210,189,26,48,9,1,5,23,4,1,17,34,1,2,1,1,5
Buchanan,Brian,buchabr01,33,2006,0.45,207,184,24,46,9,1,6,23,3,1,18,41,2,2,1,2,6
Burke,Chris,burkech01,26,2006,0.61,382,339,51,87,19,2,7,34,9,5,29,63,1,5,6,3,7
Burks,Ellis,burksel01,42,2006,0.41,204,182,24,45,9,1,5,22,3,1,18,38,1,2,1,1,4
Bush,Homer,bushho01,34,2006,0.03,201,180,25,46,9,1,5,22,3,1,16,33,1,3,1,1,5
Butler,Brent,butlebr02,28,2006,0.2,200,180,25,46,9,1,5,20,3,1,16,31,2,2,1,1,4
Byrd,Marlon,byrdma01,29,2006,0.79,367,330,44,88,18,2,5,34,5,1,26,64,2,5,3,3,8
Cabrera,Jolbert,cabrejo02,34,2006,0.69,239,218,25,59,14,1,4,26,5,2,13,40,1,4,2,2,7
Cabrera,Orlando,cabreor01,32,2006,0.87,561,513,66,137,31,2,10,56,16,2,37,54,2,3,3,5,13
Castillo,Jose,castijo02,25,2006,0.75,440,405,52,109,18,3,11,52,4,3,28,75,4,1,3,3,12
Castro,Ramon,castrra01,30,2006,0.6,331,293,36,70,17,1,11,44,2,1,31,70,3,2,2,3,7
Cepicky,Matt,cepicma01,29,2006,0.25,219,200,23,51,13,1,5,23,3,2,15,42,1,2,1,1,5
Cintron,Alex,cintral01,28,2006,0.82,435,402,48,112,23,4,8,46,3,2,23,43,2,2,5,3,8
Colbrunn,Greg,colbrgr01,37,2006,0.2,203,184,23,46,8,1,6,22,2,1,15,36,1,2,1,1,5
Cruz,Jacob,cruzja01,33,2006,0.54,289,256,32,63,15,1,7,37,2,1,26,66,2,4,1,2,5
Delgado,Wilson,delgawi01,34,2006,0.46,215,194,22,51,8,1,4,20,2,1,18,36,2,1,1,1,4
Dillon,Joe,dillojo02,31,2006,0.14,220,198,28,50,10,1,6,23,3,1,16,37,1,3,2,1,6
Durrington,Trent,durritr01,31,2006,0.29,218,195,29,49,9,2,5,22,8,3,17,39,1,2,3,1,4
Easley,Damion,easleda01,37,2006,0.71,378,337,41,80,22,2,10,43,5,2,30,59,2,6,2,3,9
Eckstein,David,eckstda01,31,2006,0.86,620,551,78,152,24,3,6,47,13,6,45,52,1,12,9,3,12
Ellison,Jason,ellisja01,28,2006,0.62,393,356,51,95,18,2,7,34,12,5,27,51,2,3,5,2,7
Erstad,Darin,erstada01,32,2006,0.84,586,536,76,146,28,2,8,61,12,2,41,90,2,3,3,3,10
Escobar,Alex,escobal01,28,2006,0.46,218,193,27,49,9,1,5,22,2,1,20,44,1,2,2,1,3
Estalella,Bobby,estalbo02,32,2006,0.34,203,180,23,43,9,1,7,24,3,1,18,45,1,2,1,2,5
Febles,Carlos,febleca01,30,2006,0.35,200,179,26,46,8,1,4,18,4,1,15,30,1,3,2,1,5
Feliz,Pedro,felizpe01,31,2006,0.83,561,521,67,135,29,4,20,79,3,2,32,94,1,2,1,5,18
Finley,Steve,finlest01,41,2006,0.85,491,444,56,111,20,3,17,58,8,5,37,73,2,3,3,4,8
Franco,Matt,francma01,37,2006,0.27,200,180,21,46,9,1,5,22,2,1,16,34,1,1,1,2,5
Freeman,Choo,freemch01,27,2006,0.31,222,198,30,50,10,2,5,24,3,1,20,38,2,2,1,1,6
Gathright,Joey,gathrjo01,25,2006,0.52,315,287,43,79,12,3,4,27,18,4,20,54,1,4,3,1,7
Girardi,Joe,girarjo01,42,2006,0.06,200,180,23,45,9,1,5,21,3,1,16,33,1,2,1,1,5
Gonzalez,Wiki,gonzawi01,32,2006,0.27,224,202,25,52,13,1,4,24,2,1,17,34,1,2,1,2,5
Green,Nick,greenni01,28,2006,0.72,416,365,56,94,19,3,7,38,4,2,31,85,1,8,9,3,5
Greene,Todd,greento02,35,2006,0.64,288,268,30,69,14,1,11,38,1,1,16,52,2,2,1,1,8
Grissom,Marquis,grissma02,39,2006,0.81,334,311,38,83,15,1,10,41,4,1,17,47,1,1,2,3,11
Gross,Gabe,grossga01,27,2006,0.48,266,237,32,60,11,1,6,28,4,2,26,48,1,1,1,1,3
Guerrero,Wilton,guerrwi01,32,2006,0.1,203,184,26,48,9,1,5,22,3,1,15,32,1,2,1,1,5
Guzman,Freddy,guzmafr01,25,2006,0.21,208,188,25,49,10,1,5,22,5,2,16,32,1,2,1,1,3
Hairston,Scott,hairssc01,26,2006,0.56,246,227,27,58,11,3,7,23,3,2,16,50,1,1,1,1,4
Hammonds,Jeffrey,hammoje01,35,2006,0.47,230,203,28,49,12,1,6,20,2,1,21,39,1,3,2,1,4
Haselman,Bill,haselbi01,40,2006,0.01,200,180,23,46,9,1,5,22,3,1,16,33,1,2,1,1,4
Hatteberg,Scott,hattesc01,37,2006,0.85,525,463,58,119,23,0,10,58,1,1,51,53,3,5,2,4,15
Hermansen,Chad,hermach01,29,2006,0.08,201,181,23,46,9,1,5,22,3,1,16,35,1,2,1,1,4
Hessman,Mike,hessmmi01,28,2006,0.23,207,187,24,46,10,1,6,22,2,1,16,40,1,2,1,1,4
Hill,Koyie,hillko01,27,2006,0.34,249,220,26,57,13,1,5,27,3,2,23,48,2,2,1,3,4
Hinch,A.J.,hinchaj01,32,2006,0.19,201,181,23,46,10,1,6,23,2,1,15,36,1,2,1,2,5
Hinske,Eric,hinsker01,29,2006,0.85,532,475,68,120,30,2,13,62,9,4,47,102,2,5,0,5,11
Holbert,Aaron,holbeaa01,33,2006,0.12,216,192,25,50,11,1,5,23,3,1,18,37,2,2,2,2,5
Hollandsworth,Todd,hollato01,33,2006,0.72,382,346,42,90,21,3,9,41,4,4,30,71,3,2,2,2,6
Hollins,Damon,hollida02,32,2006,0.62,387,355,46,91,18,1,12,48,7,2,26,65,1,2,2,2,8
Huber,Justin,huberju01,24,2006,0.26,242,217,27,57,11,1,5,26,3,1,19,42,1,3,1,2,4
Hyzdu,Adam,hyzduad01,35,2006,0.29,223,196,28,49,12,1,5,25,3,1,21,40,1,2,2,2,5
Kapler,Gabe,kaplega01,31,2006,0.68,283,260,41,69,14,1,6,30,5,2,18,45,1,2,1,2,6
Karros,Eric,karroer01,39,2006,0.56,211,192,21,49,10,1,6,22,2,1,16,31,1,1,1,1,6
Kata,Matt,katama01,28,2006,0.61,240,215,29,55,12,3,5,21,3,2,19,38,1,1,3,2,3
Klassen,Danny,klassda01,31,2006,0.16,200,181,24,47,9,1,5,22,2,1,15,38,1,2,1,1,4
Kreuter,Chad,kreutch01,42,2006,0.05,200,179,22,45,9,1,5,21,3,1,17,33,1,2,1,1,4
Kroeger,Josh,kroegjo01,24,2006,0.15,206,186,25,48,11,1,5,22,3,2,16,39,1,2,1,1,5
Labandeira,Josh,labanjo01,27,2006,0.04,201,181,24,47,9,1,5,23,3,1,16,33,1,2,1,1,5
Larkin,Barry,larkiba01,42,2006,0.66,239,217,31,58,11,1,4,24,2,0,19,31,1,1,1,1,8
Little,Mark,littlma01,34,2006,0.07,202,181,23,47,9,1,5,23,3,1,15,35,1,3,1,2,4
Lockhart,Keith,lockhke01,42,2006,0.22,200,178,25,45,9,1,5,20,2,1,17,34,1,2,2,1,4
Lo Duca,Paul,loducpa01,34,2006,0.85,507,457,52,125,25,2,8,56,3,3,34,45,3,6,5,5,17
Lombard,George,lombage01,31,2006,0.09,200,181,26,47,9,1,5,23,3,1,15,32,1,2,1,1,4
Lopez,Jose,lopezjo01,23,2006,0.61,323,298,37,77,22,1,7,38,4,2,17,44,1,4,2,2,6
Lopez,Luis,lopezlu03,33,2006,0.08,203,184,23,47,9,1,5,21,3,1,15,36,1,2,1,1,5
Mabry,John,mabryjo01,36,2006,0.7,364,324,39,82,17,1,12,44,2,1,30,75,3,2,5,3,8
Marte,Andy,martean01,23,2006,0.22,233,206,26,52,11,2,5,25,3,2,21,38,1,2,1,3,5
Martinez,Sandy,martisa01,36,2006,0.02,201,181,24,46,9,1,5,22,3,1,16,34,1,2,1,1,4
Matos,Luis,matoslu01,28,2006,0.81,452,409,55,111,22,2,8,39,14,6,28,71,1,7,5,3,7
McDonald,Darnell,mcdonda02,28,2006,0.1,203,183,24,47,10,1,5,22,3,1,16,32,1,2,1,1,4
McDougall,Marshall,mcdouma01,28,2006,0.07,209,189,26,49,10,1,5,23,3,1,16,39,1,2,1,1,5
McKay,Cody,mckayco01,32,2006,0.21,208,188,24,48,9,1,5,22,2,1,15,34,1,3,1,1,5
McMillon,Billy,mcmilbi01,35,2006,0.44,210,187,22,46,10,1,6,25,2,1,18,39,1,2,1,2,4
Mendez,Carlos,mendeca01,32,2006,0.1,200,180,23,47,10,1,5,23,3,1,15,34,1,2,1,2,4
Merloni,Lou,merlolo01,35,2006,0.56,225,199,26,53,11,1,4,25,2,2,19,41,1,2,2,3,6
Miller,Damian,milleda02,37,2006,0.81,460,412,46,106,24,1,10,49,1,1,39,95,4,3,3,3,17
Molina,Yadier,molinya01,24,2006,0.69,426,385,42,103,18,1,9,50,3,3,30,44,4,2,6,3,10
Mondesi,Raul,mondera01,35,2006,0.72,292,263,34,66,15,1,9,33,6,4,25,54,3,2,0,2,6
Morban,Jose,morbajo01,27,2006,0.16,200,180,27,45,8,1,6,22,6,1,15,35,1,2,2,1,4
Morris,Warren,morriwa02,32,2006,0.49,200,181,22,49,8,1,4,21,2,1,14,28,1,1,2,2,4
Munson,Eric,munsoer01,29,2006,0.69,248,221,25,52,10,1,10,32,2,1,21,48,1,3,1,2,3
Murphy,Donnie,murphdo01,23,2006,0.31,247,220,25,54,14,1,6,28,3,2,21,46,1,2,2,2,6
Newhan,David,newhada01,33,2006,0.71,366,327,49,86,14,3,8,40,9,2,28,63,1,3,5,3,5
Nix,Laynce,nixla01,26,2006,0.74,360,333,47,86,18,3,11,45,3,1,21,79,3,2,1,3,5
Offerman,Jose,offerjo01,38,2006,0.54,279,246,30,61,14,2,5,30,2,1,28,44,2,2,2,1,6
Olson,Tim,olsonti01,28,2006,0.28,213,188,23,46,11,1,5,20,3,1,21,34,1,2,1,1,5
Ordonez,Rey,ordonre01,35,2006,0.35,207,187,22,49,11,1,5,25,2,1,13,32,1,2,3,2,4
Palmeiro,Orlando,palmeor01,37,2006,0.71,331,292,35,77,16,1,5,30,4,2,27,40,2,4,5,3,4
Paquette,Craig,paquecr01,37,2006,0.08,200,181,23,46,9,1,5,21,3,1,15,33,1,2,1,1,5
Pascucci,Val,pascuva01,28,2006,0.2,207,183,24,46,9,1,6,23,3,1,19,38,2,2,1,2,5
Patterson,Corey,patteco01,27,2006,0.84,509,470,61,121,22,5,16,52,19,6,30,114,4,3,4,2,6
Patterson,Jarrod,patteja01,33,2006,0.06,200,179,24,46,9,1,5,22,3,1,17,33,2,2,1,1,4
Pellow,Kit,pelloki01,33,2006,0.33,213,192,26,50,10,1,5,22,2,1,15,45,1,4,1,1,5
Pena,Brayan,penabr01,24,2006,0.14,220,199,25,52,11,1,5,26,3,1,17,35,2,2,1,1,5
Petrick,Ben,petribe01,29,2006,0.25,200,182,25,46,10,1,6,22,2,1,15,36,1,1,1,1,4
Phillips,Andy,phillan01,29,2006,0.16,221,201,29,50,12,1,6,26,3,1,16,40,1,2,1,1,5
Piatt,Adam,piattad01,30,2006,0.26,200,181,22,46,12,1,6,24,2,2,15,41,1,1,1,2,4
Pond,Simon,pondsi01,30,2006,0.16,206,184,23,46,10,1,5,23,2,1,17,35,1,2,1,2,6
Pratt,Todd,prattto02,39,2006,0.63,313,275,32,69,12,1,8,35,2,1,31,70,3,4,1,2,7
Prieto,Alex,prietal01,30,2006,0.13,204,183,24,48,9,1,5,23,3,2,16,35,1,2,1,2,4
Prince,Tom,princto01,42,2006,0.12,200,179,23,45,9,1,5,22,3,1,16,32,1,2,2,1,5
Quiroz,Guillermo,quirogu01,25,2006,0.26,225,201,24,52,11,1,5,26,3,1,17,39,1,4,1,2,4
Repko,Jason,repkoja01,26,2006,0.56,350,317,48,78,18,3,10,38,6,1,24,75,2,6,2,1,8
Reyes,Jose,reyesjo01,23,2006,0.82,589,553,83,157,26,10,8,53,40,8,27,69,1,2,4,3,6
Riggs,Adam,riggsad01,34,2006,0.23,204,182,24,46,11,1,5,21,4,1,17,34,1,2,2,1,5
Rivas,Luis,rivaslu01,27,2006,0.76,310,284,40,75,13,4,6,29,9,2,18,42,1,3,3,2,8
Rivera,Carlos,riverca01,28,2006,0.24,202,181,24,47,9,1,5,22,2,1,16,36,2,2,1,2,4
Roberts,Dave,roberda07,34,2006,0.81,477,416,65,108,17,7,7,38,30,9,46,60,2,4,7,4,7
Robles,Oscar,robleos01,30,2006,0.62,400,362,46,98,19,1,7,39,2,6,32,45,1,3,1,2,8
Rose,Mike,rosemi01,30,2006,0.17,223,201,25,51,11,1,6,22,3,1,18,36,1,2,1,1,6
Ryan,Michael,ryanmi03,29,2006,0.49,273,246,30,65,13,1,7,31,4,3,21,46,2,1,3,2,8
Sanchez,Alex,sanchal03,30,2006,0.78,331,305,39,91,13,3,3,25,18,9,15,48,1,2,7,2,5
Santiago,Benito,santibe01,41,2006,0.64,230,212,24,56,11,1,6,26,1,1,14,38,1,2,1,1,8
Schneider,Brian,schnebr01,30,2006,0.81,453,407,42,104,23,2,11,49,2,1,37,65,7,4,3,2,11
Scott,Luke,scottlu01,28,2006,0.27,244,218,26,54,12,2,5,24,3,2,22,45,2,2,1,1,4
Smitherman,Stephen,smithst02,28,2006,0.11,200,180,23,46,10,1,5,24,3,1,16,32,1,2,1,1,4
Snyder,Chris,snydech02,25,2006,0.66,398,350,36,83,18,1,10,39,2,1,41,80,4,4,2,1,6
Sojo,Luis,sojolu01,41,2006,0.01,200,180,23,46,9,1,5,22,3,1,16,33,1,2,1,1,4
Sorensen,Zach,sorenza01,29,2006,0.14,206,183,25,46,10,1,5,21,3,2,18,35,1,2,2,1,4
Spencer,Shane,spencsh01,34,2006,0.64,220,197,22,51,10,1,5,25,3,0,18,41,1,2,1,2,4
Stinnett,Kelly,stinnke01,36,2006,0.57,278,249,29,63,11,1,8,27,2,1,21,58,3,4,3,1,6
Taguchi,So,tagucso01,37,2006,0.72,433,395,49,108,21,3,9,53,9,3,25,64,2,3,6,4,11
Taveras,Willy,taverwi01,25,2006,0.73,518,477,68,139,15,3,6,34,23,7,27,82,2,6,5,3,5
Teahen,Mark,teahema01,25,2006,0.67,446,403,56,105,25,3,9,52,7,2,37,87,2,2,2,2,11
Terrero,Luis,terrelu01,26,2006,0.62,318,283,35,72,15,1,7,30,7,2,25,69,2,7,2,1,7
Tracy,Andy,tracyan01,33,2006,0.05,202,182,24,47,10,1,5,23,3,1,16,36,1,2,1,1,4
Tucker,Michael,tuckemi01,35,2006,0.81,408,357,51,89,18,3,9,46,5,3,41,75,3,2,4,4,7
Valentin,Jose,valenjo03,37,2006,0.79,342,301,43,66,14,2,14,40,5,3,33,76,2,3,3,2,5
Vander Wal,John,vandejo02,40,2006,0.53,206,184,24,44,11,1,6,22,2,1,19,49,1,1,1,1,3
Velandia,Jorge,velanjo01,31,2006,0.15,200,176,23,45,9,1,5,23,2,1,18,34,2,2,2,2,4
Ventura,Robin,venturo01,39,2006,0.63,218,192,22,47,8,1,6,27,1,0,23,40,1,1,1,1,5
Victorino,Shane,victosh01,26,2006,0.22,210,187,27,48,9,1,6,26,5,2,17,34,1,2,1,3,5
Williams,Bernie,willibe02,38,2006,0.85,538,474,68,118,21,1,14,59,3,2,58,77,4,2,1,3,17
Williams,Matt,willima04,41,2006,0.28,200,178,23,45,10,1,5,22,2,1,17,34,1,2,1,2,4
Wilson,Tom,wilsoto02,36,2006,0.43,201,181,24,46,11,1,4,23,2,1,17,44,1,1,1,1,4
Wise,Dewayne,wisede01,28,2006,0.37,218,198,28,50,11,2,6,24,5,1,15,34,1,2,2,1,3
Witt,Kevin,wittke01,30,2006,0.42,200,182,21,48,8,1,6,21,2,1,14,38,1,1,1,2,4
Young,Kevin,youngke01,37,2006,0.19,200,178,22,44,9,1,5,21,3,1,18,37,1,2,1,1,4
Zinter,Alan,zinteal01,38,2006,0.12,204,182,23,46,10,1,5,24,2,1,17,39,1,2,1,2,4
Zoccolillo,Pete,zoccope01,29,2006,0.09,200,180,22,46,9,1,5,23,3,1,16,35,1,2,1,1,4
Abernathy,Brent,abernbr01,29,2006,0.3,240,213,25,53,9,1,5,24,4,1,19,35,1,2,4,2,6
Allen,Chad,allench01,31,2006,0.34,234,212,25,56,11,2,4,24,2,2,15,42,1,2,3,2,6
Alomar,Roberto,alomaro01,38,2006,0.68,219,195,25,49,9,1,4,20,3,1,18,33,1,1,3,2,6
Anderson,Marlon,anderma02,32,2006,0.77,357,324,41,84,16,1,8,37,9,2,24,52,2,2,3,4,5
Bard,Josh,bardjo01,28,2006,0.56,250,225,25,57,11,1,6,28,2,1,20,37,1,1,1,3,6
Bartlett,Jason,bartlja01,27,2006,0.52,327,291,42,74,14,1,6,29,6,1,27,49,1,4,3,2,8
Bautista,Jose,bautijo02,26,2006,0.31,225,202,24,50,10,1,4,20,3,1,19,49,1,2,1,1,5
Bell,David,bellda01,34,2006,0.84,569,507,55,128,28,1,12,62,2,1,49,71,4,5,3,5,17
Bell,Jay,bellja01,41,2006,0.26,200,177,21,42,7,1,4,18,2,1,19,39,1,2,1,1,5
Benard,Marvin,benarma01,36,2006,0.16,200,180,22,45,9,1,5,21,3,1,15,31,1,2,1,2,5
Berg,Dave,bergda01,36,2006,0.49,216,198,24,51,8,1,5,25,2,1,13,37,1,2,1,2,6
Bocachica,Hiram,bocachi01,30,2006,0.33,220,196,24,48,10,1,5,20,5,3,18,43,1,2,2,2,4
Brito,Juan,britoju01,27,2006,0.38,218,198,24,49,10,1,5,21,2,1,15,39,1,2,1,2,6
Brown,Dee,brownde02,28,2006,0.51,221,202,24,52,10,1,5,25,3,2,15,44,1,2,1,1,3
Buck,John,buckjo01,26,2006,0.73,441,405,50,102,20,1,14,50,3,2,28,96,2,3,3,2,9
Cairo,Miguel,cairomi01,32,2006,0.78,424,379,46,99,20,2,6,37,10,3,23,49,2,8,9,5,8
Carroll,Jamey,carroja01,32,2006,0.75,405,352,50,92,15,2,3,29,6,3,37,57,1,4,9,3,7
Castillo,Alberto,castial01,36,2006,0.46,268,238,31,58,13,1,5,31,3,2,25,43,1,1,2,2,5
Cedeno,Roger,cedenro01,32,2006,0.7,253,231,29,59,11,2,4,24,5,3,18,41,1,1,2,1,5
Cirillo,Jeff,cirilje01,37,2006,0.66,318,280,36,68,16,1,6,31,4,2,27,42,1,4,5,2,6
Clark,Jermaine,clarkje02,30,2006,0.21,204,180,24,44,9,1,4,23,4,2,17,32,1,3,2,2,4
Clayton,Royce,claytro01,36,2006,0.86,552,495,62,128,26,3,7,44,9,3,40,101,2,3,11,3,17
Conti,Jason,contija01,31,2006,0.25,206,186,23,46,10,1,5,23,2,2,16,42,1,2,1,1,4
Coomer,Ron,coomero01,40,2006,0.26,200,181,21,45,8,1,5,22,2,1,15,32,2,2,1,1,6
Cordero,Wil,cordewi01,35,2006,0.63,235,211,25,52,12,0,6,27,2,1,19,45,2,2,1,2,5
Cota,Humberto,cotahu01,27,2006,0.62,367,336,40,85,20,2,10,46,2,1,24,79,3,3,1,3,8
Counsell,Craig,counscr01,36,2006,0.85,590,515,68,126,24,4,7,37,18,5,62,76,5,6,3,4,8
Crespo,Cesar,crespce01,27,2006,0.21,208,190,24,47,9,1,5,20,3,1,14,37,1,2,1,1,4
Cruz,Deivi,cruzde01,34,2006,0.8,381,356,40,94,19,2,8,40,2,2,16,41,2,2,5,2,9
Cruz,Enrique,cruzen01,25,2006,0.16,200,180,24,44,9,1,5,21,2,1,16,39,1,2,1,1,4
Davis,J.J.,davisjj01,28,2006,0.26,218,195,22,49,8,1,5,24,4,2,18,41,1,2,1,2,5
DeRosa,Mark,derosma01,31,2006,0.72,318,286,39,72,14,0,7,31,2,1,23,54,1,4,2,3,7
Duncan,Jeff,duncaje01,28,2006,0.32,202,177,22,43,7,1,4,20,5,1,18,38,2,2,4,1,3
Edwards,Mike,edwarmi02,30,2006,0.52,329,299,34,77,14,2,6,28,3,2,24,48,1,3,2,1,7
Everett,Adam,everead01,29,2006,0.83,541,489,63,126,23,2,11,51,15,4,28,84,2,9,12,3,7
Fick,Robert,fickro01,32,2006,0.75,355,318,34,79,15,2,7,45,1,1,31,47,3,2,1,3,6
Gant,Ron,gantro01,41,2006,0.1,200,180,23,44,8,1,5,22,2,1,15,34,1,2,1,2,4
Garcia,Jesse,garcije01,33,2006,0.37,231,213,29,54,9,2,6,25,3,2,14,38,2,2,1,1,4
Garcia,Karim,garcika01,31,2006,0.61,228,210,26,53,8,1,8,27,2,1,14,40,1,1,1,2,6
Gil,Jerry,gilje01,24,2006,0.23,209,190,22,48,9,1,5,24,3,1,14,42,1,2,1,2,4
Gomez,Chris,gomezch02,35,2006,0.74,365,329,38,88,15,1,4,33,4,2,28,39,1,2,4,2,12
Gonzalez,Alex,gonzaal01,33,2006,0.8,422,385,50,94,23,1,11,41,3,2,28,82,1,3,4,2,12
Gonzalez,Alex,gonzaal02,29,2006,0.84,499,458,51,115,28,2,13,58,3,2,29,91,8,6,3,3,11
Gonzalez,Raul,gonzara01,33,2006,0.39,201,180,23,44,9,1,4,20,3,1,18,32,1,1,1,1,5
Gotay,Ruben,gotayru01,24,2006,0.65,375,336,42,86,18,3,7,39,3,2,27,62,1,4,3,5,6
Green,Andy,greenan01,29,2006,0.36,231,206,27,51,9,1,5,20,3,1,19,34,1,2,2,2,5
Guzman,Edwards,guzmaed01,30,2006,0.28,200,182,23,47,9,1,4,22,2,1,14,29,2,1,2,1,5
Haad,Yamid,haadya01,29,2006,0.12,216,193,23,47,10,1,5,23,3,1,18,36,1,2,1,2,6
Hall,Toby,hallto02,31,2006,0.82,476,439,40,117,22,0,9,52,1,1,24,47,2,5,2,6,16
Harris,Willie,harriwi01,28,2006,0.72,317,279,42,72,10,2,3,23,14,4,29,53,1,2,5,2,4
Henderson,Rickey,henderi01,48,2006,0.17,200,179,22,43,8,1,5,20,3,1,17,35,1,2,1,1,4
Higginson,Bobby,higgibo02,36,2006,0.76,267,234,30,55,10,1,6,28,3,2,28,41,2,2,1,2,6
Hummel,Tim,hummeti01,28,2006,0.39,212,188,23,47,10,1,5,21,2,1,17,32,2,2,3,2,4
Hunter,Brian,huntebr02,35,2006,0.21,200,180,24,46,10,1,4,23,2,1,15,34,1,2,1,2,4
Infante,Omar,infanom01,25,2006,0.81,473,432,51,109,25,4,11,45,10,3,30,81,1,2,6,3,5
Izturis,Maicer,izturma01,26,2006,0.56,317,285,33,72,14,4,5,27,9,3,26,43,3,2,2,2,6
Jackson,Damian,jacksda04,33,2006,0.65,360,322,49,81,14,1,7,32,15,4,30,58,2,3,3,2,6
Johnson,Mark L.,johnsma02,31,2006,0.12,202,179,24,44,9,1,5,23,3,1,18,32,2,2,1,2,4
Kingsale,Gene,kingsge01,30,2006,0.26,200,177,22,45,8,1,4,20,2,2,16,30,1,1,4,2,4
Laird,Gerald,lairdge01,27,2006,0.46,238,214,31,54,11,1,5,25,2,1,18,42,1,2,2,2,6
Leon,Jose,leonjo01,30,2006,0.27,207,187,22,47,9,1,5,21,2,1,15,40,1,2,1,2,7
Linden,Todd,lindeto01,26,2006,0.5,298,268,35,65,13,1,7,28,4,1,22,62,1,5,2,1,7
Logan,Nook,loganno01,27,2006,0.67,393,353,47,94,15,4,4,29,18,5,28,59,3,2,9,1,6
Long,Terrence,longte01,30,2006,0.81,476,439,56,119,23,3,8,51,4,2,30,64,3,2,1,4,13
Lopez,Mendy,lopezme01,33,2006,0.28,204,184,24,46,9,1,5,23,3,1,15,38,1,2,2,1,6
Machado,Robert,macharo01,33,2006,0.28,208,189,23,46,9,1,5,20,2,1,16,37,1,1,1,1,4
Magruder,Chris,magruch01,29,2006,0.51,288,256,32,63,16,1,6,29,4,2,20,53,2,6,4,2,6
Martin,Al,martial03,39,2006,0.39,200,181,20,46,9,1,4,21,2,1,15,36,2,2,1,1,5
Mateo,Henry,mateohe01,30,2006,0.37,206,186,26,48,8,1,4,17,6,2,15,37,1,2,2,1,3
Mateo,Ruben,mateoru01,28,2006,0.5,214,194,22,48,9,2,5,22,2,1,15,40,1,3,1,1,4
Matsui,Kazuo,matsuka01,31,2006,0.75,398,360,46,95,19,3,6,36,9,2,27,67,2,4,4,3,4
McGriff,Fred,mcgrifr01,43,2006,0.52,208,187,21,45,9,0,6,23,1,1,18,40,2,1,1,1,4
Merced,Orlando,merceor01,40,2006,0.37,200,180,21,45,11,1,4,22,3,1,15,32,1,2,1,2,4
Miles,Aaron,milesaa01,30,2006,0.77,430,396,52,112,15,3,5,38,7,4,21,48,1,3,7,3,9
Nakamura,Norihiro,nakamno01,33,2006,0.15,220,199,23,48,11,1,5,24,3,1,17,36,1,2,1,1,6
Nivar,Ramon,nivarra01,26,2006,0.27,210,188,25,49,8,1,4,23,4,3,14,32,1,3,3,2,4
Norton,Greg,nortogr01,34,2006,0.45,210,189,22,46,10,1,5,22,2,1,18,40,1,1,1,1,5
Nunez,Abraham,nunezab01,30,2006,0.78,453,409,54,109,15,3,7,43,4,3,33,68,3,2,7,2,10
Nunez,Abraham,nunezab02,29,2006,0.52,232,208,28,50,9,1,5,25,2,2,21,43,1,1,1,1,5
O'Leary,Troy,oleartr01,37,2006,0.33,200,180,22,44,9,1,5,24,3,1,15,33,1,2,1,2,6
Olmedo,Ray,olmedra01,25,2006,0.5,244,219,28,56,10,1,4,22,4,1,18,44,1,2,4,1,4
Osik,Keith,osikke01,38,2006,0.44,204,182,20,44,9,1,4,19,2,1,18,35,1,2,1,1,5
Owens,Eric,owenser01,35,2006,0.39,200,183,23,48,8,1,4,20,5,3,13,27,1,1,2,1,4
Ozuna,Pablo,ozunapa01,32,2006,0.5,308,281,37,75,12,2,4,25,12,5,18,44,1,5,3,1,7
Paul,Josh,pauljo01,31,2006,0.34,228,204,29,51,9,1,6,26,3,1,18,41,1,1,3,2,5
Perez,Eddie,perezed02,38,2006,0.63,238,218,21,54,12,1,6,25,1,1,14,35,1,2,3,1,8
Perry,Herb,perryhe01,37,2006,0.36,215,192,22,47,8,1,6,24,2,1,17,32,1,3,1,2,4
Phillips,Jason,phillja04,30,2006,0.81,458,411,43,103,22,0,10,51,1,1,34,54,4,7,2,4,16
Pride,Curtis,pridecu01,38,2006,0.18,210,191,25,47,11,1,5,22,3,1,14,39,1,2,2,1,5
Quintero,Humberto,quinthu01,27,2006,0.36,236,214,26,54,10,1,6,29,2,2,16,40,2,2,2,2,8
Quintanilla,Omar,quintom01,25,2006,0.37,272,243,33,62,9,2,5,25,4,2,21,37,1,2,5,1,6
Raines,Tim,raineti02,27,2006,0.31,210,190,26,49,10,1,4,20,6,2,15,35,1,2,2,1,5
Redman,Tike,redmati01,29,2006,0.8,430,399,48,110,17,4,6,38,9,3,23,42,1,2,3,3,7
Redmond,Mike,redmomi01,35,2006,0.66,307,279,29,74,16,1,4,34,2,1,17,37,1,6,3,2,11
Rios,Armando,riosar01,35,2006,0.22,200,179,20,45,9,1,5,22,2,1,15,31,1,2,2,2,6
Robinson,Kerry,robinke02,33,2006,0.47,210,191,26,51,8,1,3,19,7,2,13,28,1,2,2,2,3
Romano,Jason,romanja01,27,2006,0.26,221,200,25,49,9,1,6,23,3,1,17,41,1,2,1,1,4
Ross,Dave,rossda01,29,2006,0.61,288,257,29,61,12,1,9,30,2,1,21,66,1,4,2,4,6
Scutaro,Marco,scutama01,31,2006,0.78,459,421,51,108,26,2,9,42,4,1,31,59,2,1,4,2,8
Seabol,Scott,seabosc01,31,2006,0.32,257,232,29,58,12,1,6,27,2,1,20,45,1,2,1,2,4
Selby,Bill,selbybi01,36,2006,0.1,200,178,23,44,9,1,5,23,3,1,16,34,1,2,2,2,4
Shinjo,Tsuyoshi,shinjts01,34,2006,0.24,200,180,22,44,8,1,5,20,2,1,15,29,1,2,2,1,3
Shumpert,Terry,shumpte01,40,2006,0.2,200,177,24,43,9,1,5,21,3,1,17,34,1,2,2,2,4
Singleton,Chris,singlch01,34,2006,0.53,234,210,27,54,14,1,3,27,3,1,18,40,2,2,2,2,3
Smith,Jason,smithja05,29,2006,0.46,248,225,28,56,10,4,6,25,3,2,15,47,1,2,5,1,3
Stynes,Chris,stynech01,33,2006,0.65,217,196,26,48,12,1,4,26,2,1,17,33,1,2,1,1,4
Surhoff,B.J.,surhobj01,42,2006,0.78,398,365,41,98,16,1,7,44,2,1,25,48,2,2,3,3,8
Taylor,Reggie,taylore01,29,2006,0.37,212,192,23,47,9,1,5,22,5,1,16,48,1,2,1,1,4
Torrealba,Yorvit,torreyo01,28,2006,0.68,332,297,39,74,16,2,7,35,3,1,25,59,2,3,5,2,9
Vaughn,Mo,vaughmo01,39,2006,0.19,200,177,23,43,8,1,5,24,2,1,18,36,2,2,1,2,4
Vizquel,Omar,vizquom01,39,2006,0.85,591,521,67,138,25,3,6,47,17,7,49,60,1,3,15,3,12
Ward,Daryle,wardda01,31,2006,0.76,459,415,49,105,21,2,13,63,2,2,34,66,6,3,1,6,15
Watson,Matt,watsoma02,28,2006,0.21,225,204,25,51,12,1,5,25,3,1,17,33,1,2,1,1,5
Widger,Chris,widgech01,35,2006,0.48,277,251,31,63,15,1,6,28,2,2,20,44,1,2,2,2,8
Wilson,Jack,wilsoja02,29,2006,0.87,589,543,61,149,27,6,9,53,6,3,30,64,3,4,8,4,12
Woodward,Chris,woodwch01,30,2006,0.72,319,289,34,75,17,2,5,34,2,2,22,62,1,3,2,3,5
Alomar,Sandy,alomasa02,40,2006,0.62,285,261,28,66,13,1,5,30,1,1,16,33,1,2,4,2,7
Amezaga,Alfredo,amezaal01,28,2006,0.4,214,190,26,45,8,1,5,22,4,2,15,37,1,3,5,1,4
Batista,Tony,batisto01,33,2006,0.79,265,246,30,59,11,1,10,39,4,2,13,37,2,2,1,3,7
Bloomquist,Willie,bloomwi01,29,2006,0.7,354,324,42,83,17,2,4,32,13,2,22,61,1,2,4,2,7
Borchard,Joe,borchjo01,28,2006,0.48,228,205,26,47,9,1,7,23,2,1,18,48,1,2,1,2,4
Bragg,Darren,braggda01,37,2006,0.45,211,189,24,45,8,1,5,19,3,1,17,42,1,2,2,1,4
Calloway,Ron,calloro01,30,2006,0.55,209,190,21,46,9,1,5,26,4,1,14,41,1,1,2,2,6
Castro,Juan,castrju01,34,2006,0.76,378,350,38,88,21,2,8,38,2,2,19,59,1,1,6,2,10
Chavez,Endy,chaveen01,28,2006,0.79,320,292,39,76,13,3,4,27,12,4,19,34,1,1,7,1,5
Christenson,Ryan,chrisry01,32,2006,0.32,200,180,24,42,9,1,4,21,3,1,16,37,1,2,1,1,4
Cora,Alex,coraal01,31,2006,0.8,385,344,36,86,13,3,6,34,5,2,24,43,3,9,6,2,7
Crosby,Bubba,crosbbu01,30,2006,0.39,257,235,33,59,9,1,6,26,6,2,16,42,1,2,3,1,4
Davis,Ben,davisbe01,29,2006,0.58,221,202,24,48,12,0,6,26,2,1,15,44,1,1,1,2,5
Difelice,Mike,difelmi01,37,2006,0.41,212,192,25,46,11,1,4,23,2,1,15,35,1,2,1,2,7
Dobbs,Greg,dobbsgr01,28,2006,0.45,283,257,26,66,13,1,5,36,3,1,19,48,3,2,2,3,6
Fordyce,Brook,fordybr01,36,2006,0.6,216,198,20,50,8,1,4,19,2,1,13,34,1,2,2,1,5
Gil,Benji,gilbe01,34,2006,0.25,200,181,22,44,9,1,4,20,4,1,14,37,1,1,2,2,5
Goodwin,Tom,goodwto01,38,2006,0.46,211,193,25,48,11,1,3,17,9,2,15,37,1,1,1,1,4
Grabowski,Jason,graboja01,30,2006,0.54,281,254,31,57,9,1,9,30,2,1,24,59,1,1,1,1,7
Grace,Mark,gracema01,42,2006,0.28,200,179,21,43,8,1,5,22,2,1,17,30,2,1,1,2,6
Gutierrez,Ricky,gutieri01,36,2006,0.34,211,191,21,47,9,1,4,20,2,1,16,31,1,2,1,1,6
Guzman,Cristian,guzmacr01,28,2006,0.85,508,467,58,120,21,6,6,41,9,5,27,67,3,2,9,3,10
Hansen,Dave,hanseda01,38,2006,0.54,257,224,26,53,9,1,5,27,2,1,28,45,3,1,2,2,7
Hernandez,Jose,hernajo01,37,2006,0.77,352,319,39,77,13,1,10,38,3,2,27,88,2,2,1,3,10
Hocking,Dennis,hockide01,36,2006,0.54,246,219,28,54,9,1,4,23,2,2,20,42,1,1,4,2,5
Izturis,Cesar,izturce01,26,2006,0.86,512,473,55,129,22,4,4,41,12,6,29,56,3,2,6,2,8
Jordan,Brian,jordabr01,39,2006,0.71,349,317,37,79,15,2,7,35,3,2,24,56,2,3,1,4,8
LaForest,Pete,laforpe01,28,2006,0.3,235,212,24,51,11,1,5,25,2,2,18,48,2,2,1,2,5
Laker,Tim,lakerti01,37,2006,0.47,213,194,23,47,9,1,5,25,2,1,14,41,1,1,3,1,6
Larson,Brandon,larsobr01,30,2006,0.42,214,189,22,43,9,1,5,23,3,1,20,44,1,2,1,2,4
Lopez,Luis,lopezlu02,36,2006,0.31,224,202,22,48,12,1,5,23,2,1,15,40,1,2,2,3,5
Mahoney,Mike,mahonmi02,34,2006,0.24,238,210,26,50,9,1,6,25,3,1,18,37,2,3,6,1,6
Martinez,Ramon,martira03,34,2006,0.7,293,260,27,68,13,1,4,30,2,1,21,41,2,2,5,5,6
McDonald,John,mcdonjo03,32,2006,0.63,302,274,34,68,13,2,4,27,5,2,19,42,1,3,4,2,7
McLemore,Mark,mclemma01,42,2006,0.65,230,203,23,48,10,1,3,21,2,2,24,37,1,1,1,1,4
Miller,Corky,milleco01,30,2006,0.24,211,186,22,42,8,1,4,21,2,1,18,36,1,4,1,2,6
Molina,Jose,molinjo01,31,2006,0.65,323,295,33,72,12,1,7,35,4,1,19,64,1,3,5,1,7
Mordecai,Mike,mordemi01,39,2006,0.36,210,190,22,46,9,1,5,20,3,1,16,38,2,1,2,1,3
Ojeda,Miguel,ojedami01,31,2006,0.6,277,245,29,57,10,1,7,32,2,2,26,49,2,2,2,2,4
Olivo,Miguel,olivomi01,28,2006,0.76,373,343,44,82,17,2,11,41,7,4,21,87,2,4,3,2,7
Palmer,Dean,palmede01,38,2006,0.2,200,179,20,42,8,1,4,20,2,1,16,38,1,2,1,2,4
Punto,Nick,puntoni01,29,2006,0.71,430,387,50,95,16,3,7,34,12,5,36,80,1,1,4,2,8
Reboulet,Jeff,rebouje01,42,2006,0.43,200,179,23,44,8,1,4,20,2,1,16,33,2,2,2,1,4
Relaford,Desi,relafde01,33,2006,0.79,362,324,40,77,16,2,5,32,7,3,28,53,2,5,3,2,7
Reyes,Rene,reyesre01,28,2006,0.35,207,189,23,47,10,1,4,19,3,1,15,35,2,1,1,1,4
Rolls,Damian,rollsda01,29,2006,0.59,213,192,23,47,10,0,4,22,4,1,14,42,1,3,2,2,4
Sadler,Donnie,sadledo01,31,2006,0.31,202,180,26,43,9,1,4,18,3,2,16,37,1,2,2,2,3
Santiago,Ramon,santira01,27,2006,0.6,211,186,22,45,8,1,3,17,3,1,15,29,1,4,5,1,4
Sierra,Ruben,sierrru01,41,2006,0.73,324,297,33,72,15,1,10,46,2,1,22,57,3,1,1,3,6
Simon,Randall,simonra01,31,2006,0.64,221,204,23,51,9,0,6,27,1,0,14,25,2,2,0,1,5
Spiezio,Scott,spiezsc01,34,2006,0.75,267,240,27,56,12,2,7,30,3,1,21,40,2,2,1,3,5
Tatis,Fernando,tatisfe01,31,2006,0.33,200,179,21,43,8,1,4,20,3,1,17,35,1,2,1,1,5
Tiffee,Terry,tiffete01,27,2006,0.45,284,259,29,64,15,1,6,32,3,1,20,36,2,2,1,2,11
Torres,Andres,torrean02,28,2006,0.35,210,189,25,47,9,2,4,19,4,2,15,37,1,1,3,2,5
Treanor,Matt,treanma01,30,2006,0.46,283,251,29,60,14,1,4,27,2,1,25,49,2,4,2,1,8
Valdez,Wilson,valdewi01,28,2006,0.44,279,255,30,62,13,1,5,26,4,3,19,44,1,2,2,1,5
Vazquez,Ramon,vazqura01,30,2006,0.67,259,230,28,58,10,2,3,22,4,1,23,45,2,1,3,2,3
Vina,Fernando,vinafe01,37,2006,0.53,213,192,27,47,10,1,4,19,3,2,13,25,1,5,2,1,6
Williams,Gerald,willige02,40,2006,0.41,230,210,30,50,11,2,6,23,5,1,16,40,1,1,2,1,4
Wilson,Vance,wilsova01,33,2006,0.67,304,273,32,66,12,1,7,35,2,1,20,49,2,6,2,3,8
Wooten,Shawn,wootesh01,34,2006,0.49,206,186,20,45,8,1,5,21,1,2,15,32,2,2,1,2,6
Zeile,Todd,zeileto01,41,2006,0.68,240,214,23,50,9,1,6,24,1,0,22,44,1,1,1,2,6
Ausmus,Brad,ausmubr01,37,2006,0.82,470,416,40,101,17,1,5,43,4,3,41,60,6,4,6,3,14
Bako,Paul,bakopa01,34,2006,0.56,239,213,22,50,12,1,3,22,2,1,22,45,3,2,1,1,4
Blanco,Henry,blanche01,35,2006,0.7,324,292,32,66,15,1,8,35,1,2,21,49,1,2,6,3,8
Blum,Geoff,blumge01,33,2006,0.79,412,378,43,90,19,1,9,39,3,2,27,57,1,2,2,3,9
Diaz,Einar,diazei01,34,2006,0.67,285,259,26,63,12,1,4,29,3,1,15,31,2,5,3,3,10
Flaherty,John,flahejo01,39,2006,0.57,282,258,28,60,14,1,8,29,2,2,16,50,2,2,4,2,9
Gil,Geronimo,gilge01,31,2006,0.53,270,246,26,59,10,1,6,30,2,1,18,45,1,2,2,2,9
Halter,Shane,haltesh01,37,2006,0.58,212,194,20,44,7,1,6,20,2,1,15,41,1,1,1,1,5
Harris,Lenny,harrile01,42,2006,0.52,249,225,23,54,10,1,4,28,2,1,19,36,2,2,1,2,6
Huckaby,Ken,huckake01,35,2006,0.38,254,228,26,53,12,1,4,23,2,1,19,45,1,2,4,1,6
Liefer,Jeff,liefeje01,32,2006,0.39,232,213,24,50,10,1,6,30,2,1,15,49,1,1,1,2,5
Macias,Jose,maciajo01,34,2006,0.69,315,292,33,74,14,2,5,29,5,3,15,50,1,2,3,3,7
Matheny,Mike,mathemi01,36,2006,0.82,484,439,41,107,26,1,10,53,1,2,32,88,9,4,5,4,12
Mayne,Brent,maynebr01,38,2006,0.64,222,198,20,47,9,1,3,20,1,1,19,36,3,1,2,2,6
McCracken,Quinton,mccraqu01,36,2006,0.69,342,306,36,75,12,3,4,27,6,3,27,52,3,1,6,2,6
McEwing,Joe,mcewijo01,34,2006,0.68,311,282,32,70,11,1,4,23,5,3,20,56,3,2,6,1,6
Moeller,Chad,moellch01,31,2006,0.73,343,310,34,72,16,1,8,34,2,1,24,69,4,3,4,2,11
Perez,Neifi,perezne01,33,2006,0.83,546,504,52,132,27,2,7,50,5,3,25,52,3,2,11,4,16
Perez,Timo,perezti01,31,2006,0.74,330,300,32,75,15,0,5,35,4,3,19,37,1,2,6,3,7
Perez,Tomas,perezto03,33,2006,0.69,307,279,34,68,16,1,6,34,2,1,20,54,4,2,4,2,7
Phillips,Brandon,phillbr01,25,2006,0.52,207,190,22,45,10,1,4,20,2,2,12,37,1,2,2,1,5
Reese,Pokey,reesepo01,33,2006,0.54,227,205,25,49,8,1,4,24,5,1,16,45,1,1,3,2,5
Vizcaino,Jose,vizcajo01,38,2006,0.73,341,314,30,80,16,3,4,35,2,1,21,49,4,1,3,2,7
Walbeck,Matt,walbema01,37,2006,0.26,200,182,21,43,8,1,4,19,2,1,13,34,1,2,2,1,4
Wilson,Dan,wilsoda01,37,2006,0.68,250,228,22,56,10,1,3,26,1,1,16,42,1,1,3,2,6
Womack,Tony,womacto01,37,2006,0.81,436,405,56,106,15,2,4,28,19,5,21,56,1,2,5,3,7
Bennett,Gary,bennega01,34,2006,0.72,339,303,27,71,15,0,4,34,2,1,28,51,3,3,2,3,10
Borders,Pat,bordepa01,43,2006,0.47,272,250,28,57,13,1,5,25,3,1,15,50,1,2,3,2,7
Cash,Kevin,cashke01,29,2006,0.52,236,214,25,47,10,1,6,24,2,1,15,52,1,3,2,2,7
Chavez,Raul,chavera01,33,2006,0.53,270,248,24,57,11,1,5,28,2,1,17,48,2,2,2,1,10
Fox,Andy,foxan01,35,2006,0.33,206,187,22,42,8,1,4,19,2,2,14,42,1,3,1,1,4
Glanville,Doug,glanvdo01,36,2006,0.55,218,201,24,49,6,1,4,19,5,1,12,30,1,1,2,2,4
Sanchez,Rey,sanchre01,39,2006,0.68,255,235,24,58,9,2,3,21,2,1,13,30,1,2,3,2,6
Wilson,Enrique,wilsoen01,33,2006,0.57,239,217,23,50,11,0,5,26,3,2,16,27,1,1,2,3,5
